编号,类型,章节,题目,答案,来源
S001,主观,导论,“十个明确”的主要内容是什么？,"1. 明确中国特色社会主义最本质的特征是中国共产党领导，中国特色社会主义制度的最大优势是中国共产党领导，中国共产党是最高政治领导力量，全党必须增强“四个意识”、坚定“四个自信”、做到“两个维护”。
2. 明确坚持和发展中国特色社会主义，总任务是实现社会主义现代化和中华民族伟大复兴，在全面建成小康社会的基础上，分两步走在本世纪中叶建成富强民主文明和谐美丽的社会主义现代化强国，以中国式现代化推进中华民族伟大复兴。
3. 明确新时代我国社会主要矛盾是人民日益增长的美好生活需要和不平衡不充分的发展之间的矛盾，必须坚持以人民为中心的发展思想，发展全过程人民民主，推动人的全面发展、全体人民共同富裕取得更为明显的实质性进展。
4. 明确中国特色社会主义事业总体布局是经济建设、政治建设、文化建设、社会建设、生态文明建设五位一体，战略布局是全面建设社会主义现代化国家、全面深化改革、全面依法治国、全面从严治党四个全面。
5. 明确全面深化改革总目标是完善和发展中国特色社会主义制度、推进国家治理体系和治理能力现代化。
6. 明确全面推进依法治国总目标是建设中国特色社会主义法治体系、建设社会主义法治国家。
7. 明确必须坚持和完善社会主义基本经济制度，使市场在资源配置中起决定性作用，更好发挥政府作用，把握新发展阶段，贯彻创新、协调、绿色、开放、共享的新发展理念，加快构建以国内大循环为主体、国内国际双循环相互促进的新发展格局，推动高质量发展，统筹发展和安全。
8. 明确党在新时代的强军目标是建设一支听党指挥、能打胜仗、作风优良的人民军队，把人民军队建设成为世界一流军队。
9. 明确中国特色大国外交要服务民族复兴、促进人类进步，推动建设新型国际关系，推动构建人类命运共同体。
10. 明确全面从严治党的战略方针，提出新时代党的建设总要求，全面推进党的政治建设、思想建设、组织建设、作风建设、纪律建设，把制度建设贯穿其中，深入推进反腐败斗争，落实管党治党政治责任，以伟大自我革命引领伟大社会革命。
“十个明确”是习近平新时代中国特色社会主义思想的主体内容，集中体现了这一思想体系的主要观点和基本精神，构成了这一思想体系的四梁八柱，发挥着统摄作用。",2025习概必备主观题.pdf
S002,主观,导论,“十四个坚持”的主要内容是什么？,"1. 坚持党对一切工作的领导。
2. 坚持以人民为中心。
3. 坚持全面深化改革。
4. 坚持新发展理念。
5. 坚持人民当家作主。
6. 坚持全面依法治国。
7. 坚持社会主义核心价值体系。
8. 坚持在发展中保障和改善民生。
9. 坚持人与自然和谐共生。
10. 坚持总体国家安全观。
11. 坚持党对人民军队的绝对领导。
12. 坚持“一国两制”和推进祖国统一。
13. 坚持推动构建人类命运共同体。
14. 坚持全面从严治党。",2025习概必备主观题.pdf
S003,主观,导论,习近平新时代中国特色社会主义思想创立的时代背景的主要内容是什么？,"1. 世界百年未有之大变局加速演进。
2. 中华民族伟大复兴进入关键时期。
3. 中国式现代化全面推进拓展。
4. 科学社会主义在 21 世纪的中国焕发新的蓬勃生机。
5. 中国共产党自我革命开辟新的境界。",2025习概必备主观题.pdf
S004,主观,导论,习近平新时代中国特色社会主义思想提出并回答的问题的主要内容是什么？,"1. 新时代坚持和发展什么样中国特色社会主义、怎样坚持和发展中国特色社会主义。
2. 建设什么样的社会主义现代化强国、怎样建设社会主义现代化强国。
3. 建设什么样的长期执政的马克思主义政党、怎样建设长期执政的马克思主义政党。",2025习概必备主观题.pdf
S005,主观,导论,习近平新时代中国特色社会主义思想的历史地位的主要内容是什么？,"习近平新时代中国特色社会主义思想是当代中国马克思主义、二十一世纪马克思主义，是中华文化和中国精神的时代精华，实现了马克思主义中国化时代化新的飞跃。
1. 习近平新时代中国特色社会主义思想继承和发展马克思列宁主义、毛泽东思想、邓小平理论、“三个代表”重要思想、科学发展观，是马克思主义在当代中国发展的最新理论成果，开辟了马克思主义中国化时代化新境界。
2. 习近平新时代中国特色社会主义思想，把马克思主义基本原理同中国具体实际相结合、同中华优秀传统文化相结合，使马克思主义这个魂脉和中华优秀传统文化这个根脉内在贯通、相互成就，是中华民族的文化主体性最有力的体现，是中华文化和中国精神的时代精华。
3. 习近平新时代中国特色社会主义思想，是全党全国各族人民为实现中华民族伟大复兴而奋斗的行动指南，是新时代党和国家事业发展的根本遵循。",2025习概必备主观题.pdf
S006,主观,导论,习近平新时代中国特色社会主义思想的理论品格和鲜明特征即“六个必须坚持”的主要内容是什么？,"1. 必须坚持人民至上，是根本价值立场，体现了历史唯物主义群众史观。
2. 坚持自信自立，是内在精神特质，体现了客观规律性和主观能动性的有机结合。
3. 坚持守正创新，是鲜明理论品格，体现了变与不变、继承与发展的内在联系。
4. 坚持问题导向，是重要实践要求，体现了矛盾的普遍性和客观性。
5. 坚持系统观念，是基本思想和工作方法，体现了辩证唯物主义普遍联系的原理。
6. 坚持胸怀天下，是中国共产党人的境界格局，体现了马克思主义追求人类进步和解放的崇高理想。
这六个方面相互联系、彼此支撑，贯通了唯物论和辩证法、认识论和实践论、真理论和价值论，赋予了马克思主义世界观和方法论以新的时代内涵，彰显了习近平新时代中国特色社会主义思想的理论品格和鲜明特征。",2025习概必备主观题.pdf
S007,主观,导论,什么是“两个结合”，什么是“两个确立”，什么是“四个自信”？,"1. “两个结合”：马克思主义基本原理同中国具体实际相结合、同中华优秀传统文化相结合。
2. “两个确立”：确立习近平同志党中央的核心、全党的核心地位，确立习近平新时代中国特色社会主义思想的指导地位。
3. “四个自信”：中国特色社会主义道路自信、理论自信、制度自信、文化自信。",习近平新时代中国特色社会主义思想概论提纲.docx
S008,主观,导论,取得的十三个方面成就是什么？,"1. 在坚持党的全面领导。
2. 全面从严治党。
3. 经济建设。
4. 全面深化改革开放。
5. 政治建设。
6. 全面依法治国。
7. 文化建设。
8. 社会建设。
9. 生态文明建设。
10. 国防和军队建设。
11. 维护国家安全。
12. 坚持“一国两制”和推进祖国统一。
13. 外交工作等方面取得的历史性成就和发生的历史性变革。
“十三个方面成就”对新时代伟大实践进行了科学总结，全景式地展示了习近平新时代中国特色社会主义思想的理论与实践成果。",2025习概必备主观题.pdf
S009,主观,材料分析,结合材料一和所学知识，如何理解“江山就是人民，人民就是江山”是什么？,"1. 人民是历史的缔造者，是真正的英雄。人民是创造历史的真正动力，是历史发展和社会进步的主体力量。尊重人民历史地位，充分发挥人民主体作用，这是总结党的百年奋斗历史经验得出的重要结论。
2. 打江山、守江山，守的是人民的心。民心是最大的政治，决定事业兴衰成败。人民在一个国家的地位是由这个国家的政权性质决定的。这是由我们党的性质、宗旨决定的。人民立场是中国共产党的根本政治立场。坚持人民立场，要始终牢记党的初心和使命。要始终保持党同人民群众的血肉联系。要热爱人民、尊重人民、敬畏人民。",25秋季习概.docx
S010,主观,第一章,中国特色社会主义新在哪，为什么？,"1. 续写新篇章：在新的历史条件下，继续夺取中国特色社会主义伟大胜利。
2. 战略新安排：迈上全面建设社会主义现代化国家，实现第二个百年奋斗目标新征程。
3. 生活新向往：增进民生福祉，更加关注社会公平正义，不断增强人民群众的获得感、幸福感和安全感。
4. 梦想新征程：继续开创新时代中国特色社会主义事业新局面。
5. 国际新地位：为推动构建人类命运共同体，为世界和平、人类文明作出新的更大贡献。",习近平新时代中国特色社会主义思想概论提纲.docx
S011,主观,第一章,什么是中国特色社会主义新时代？,"中国特色社会主义新时代，是承前启后、继往开来、在新的历史条件下继续夺取中国特色社会主义伟大胜利的时代，是决胜全面建成小康社会、进而全面建设社会主义现代化强国的时代，是全国各族人民团结奋斗、不断创造美好生活、逐步实现全体人民共同富裕的时代，是全体中华儿女劾力同心、奋力实现中华民族伟大复兴中国梦的时代，是我国不断为人类作出更大贡献的时代。
1. 中国特色社会主义进入新时代，是我国社会主要矛盾发生新变化的反映。
2. 中国特色社会主义进入新时代,是党的主要任务发生新变化的反映。
3. 中国特色社会主义进入新时代，是中国和世界关系发生新变化的反映。",习近平新时代中国特色社会主义思想概论提纲.docx
S012,主观,第一章,如何正确认识改革开放前后两个历史时期的关系？,"前为后积累了条件，后是前对实践探索的坚持、改革和发展。
两者绝不是彼此割裂的，更不是根本对立，二者紧密联系，一脉相承。
不能用后的历史时期否定前的历史时期；不能用前的历史时期，否定后的历史时期。
这是两个相互联系又有重大区别的时期，但本质上都是我们党领导人民进行社会主义建设的实践探索。",习近平新时代中国特色社会主义思想概论提纲.docx
S013,主观,第一章,新时代坚持和发展中国特色社会主义要一以贯之是什么？,"全面贯彻党的基本理论、基本路线、基本方略统筹推进五位一体总体布局和协调推进四个全面战略布局推动中国特色社会主义不断开拓前进。
（基本理论：核心是马克思主义中国化的一系列成果，这些理论是党开展各项工作的根本思想指引。
基本路线：即社会主义初级阶段的基本路线，内容为“领导和团结全国各族人民，以经济建设为中心，坚持四项基本原则，坚持改革开放，自力更生，艰苦创业，为把我国建设成为富强民主文明和谐美丽的社会主义现代化强国而奋斗”。
基本方略：以“十四个坚持”为核心内容，，是新时代坚持和发展中国特色社会主义的行动纲领。）。",习近平新时代中国特色社会主义思想概论提纲.docx
S014,主观,第一章 新时代坚持和发展中国特色社会主义,中国特色社会主义是社会主义而不是其他什么主义是什么？,"1. 中国特色社会主义是科学社会主义理论逻辑和中国社会发展历史逻辑的辩证统一。
2. 中国特色社会主义坚持了科学社会主义基本原则。
中国特色社会主义之所以是社会主义，而不是其他什么主义，就是因为我们始终坚持科学社会主义基本原则，并根据新的时代条件赋予其鲜明的中国特色。
3. 中国特色社会主义写出了科学社会主义的“新版本”。
当代中国的伟大社会变革，不是简单延续我国历史文化的母版，不是简单套用马克思主义经典作家设想的模板，不是其他国家社会主义实践的再版，也不是国外现代化发展的翻版。
社会主义并没有定于一尊、一成不变的套路，只有把科学社会主义基本原则同我国具体实际、历史文化传统、时代要求紧密结合起来，在实践中不断探索总结，才能更好地坚持和发展中国特色社会主义。",2025习概必备主观题.pdf
S015,主观,第一章 新时代坚持和发展中国特色社会主义,中国特色社会主义进入新时代的意义是什么？,"1. 中国特色社会主义进入新时代，意味着近代以来久经磨难的中华民族迎来了从站起来、富起来到强起来的伟大飞跃，迎来了实现中华民族伟大复兴的光明前景。
2. 意味着科学社会主义在 21 世纪的中国焕发出强大生机活力，在世界上高高举起了中国特色社会主义伟大旗帜。
3. 意味着中国特色社会主义道路、理论、制度、文化不断发展，拓展了发展中国家走向现代化的途径，给世界上那些既希望加快发展又希望保持自身独立性的国家和民族提供了全新选择，为解决人类问题贡献了中国智慧和中国方案。",2025习概必备主观题.pdf
S016,主观,第一章 新时代坚持和发展中国特色社会主义,中国特色社会主义进入新时代进入新时代的依据是什么？,"1. 中国特色社会主义进入新时代，是我国社会主要矛盾发生新变化的反映。
2. 中国特色社会主义进入新时代，是党的主要任务发生新变化的反映。
3. 中国特色社会主义进入新时代，是中国和世界关系发生新变化的反映。",2025习概必备主观题.pdf
S017,主观,第一章 新时代坚持和发展中国特色社会主义,如何推动中国特色社会主义不断开拓前进?,"1. 社会主义是前无古人的伟大事业，没有现成的方案可以遵循，必须随着时代、实践和科学的发展不断探索前进。
2. 社会主义是一个不断发展和完善的实践过程，需要一代又一代人的接续奋斗。必须坚持马克思主义的发展观点，增强历史自觉、坚定历史自信，发挥历史的主动性和创造性，锐意进取、大胆探索，确保中国特色社会主义事业始终立于不败之地，并不断创造新的伟大奇迹。
3. 社会主义发展道路从来都不是笔直的，始终充满着险阻曲折，需要依靠顽强斗争打开事业发展新天地。在前进道路上，我们要敢于斗争、善于斗争。
4. 要牢记空谈误国、实干兴邦，埋头苦干、踔厉奋发，不断开创中国特色社会主义事业新局面，让科学社会主义迎来更加光明的发展前景。",2025习概必备主观题.pdf
S018,主观,第一章 新时代坚持和发展中国特色社会主义,对改革开放前和改革开放后两个历史时期的评价是什么？,"对改革开放前的历史时期要正确评价，不能用改革开放后的历史时期否定改革开放前的历史时期，也不能用改革开放前的历史时期否定改革开放后的历史时期。
改革开放前的社会主义实践探索为改革开放后的社会主义实践探索积累了条件改革开放后的社会主义实践探索是对前一个时期的坚持、改革、发展。",2025习概必备主观题.pdf
S019,主观,第一章 新时代坚持和发展中国特色社会主义,新时代坚持和发展中国特色社会主义，必须坚定四个自信是什么？,"1. 坚定道路自信，就是坚信中国特色社会主义道路是我国实现社会主义现代化、创造人民美好生活的必由之路，是实现中华民族伟大复兴的必由之路。
2. 坚定理论自信，就是坚信中国特色社会主义理论体系是指导党和人民实现中华民族伟大复兴的正确理论，是立足时代前沿、与时俱进的科学理论。
3. 坚定制度自信，就是坚信中国特色社会主义制度是当代中国发展进步的根本制度保障，是具有明显制度优势、强大自我完善能力的先进制度。
4. 坚定文化自信，就是坚信中国特色社会主义文化积淀着中华民族最深层的精神追求，代表着中华民族独特的精神标识，是激励全党全国各族人民奋勇前进的强大精神力量。
5. 道路是实现途径，理论体系是行动指南，制度是根本保障，文化是精神力量，四者统一于中国特色社会主义伟大实践。",2025习概必备主观题.pdf
S020,主观,第一章 新时代坚持和发展中国特色社会主义,新时代的内涵是什么？,"1. 中国特色社会主义新时代是承前启后、继往开来、在新的历史条件下继续夺取中国特色社会主义伟大胜利的时代。
2. 中国特色社会主义新时代是决胜全面建成小康社会、进而全面建设社会主义现代化强国的时代。
3. 中国特色社会主义新时代是全国各族人民团结奋斗、不断创造美好生活、逐步实现全体人民共同富裕的时代。
4. 中国特色社会主义新时代是全体中华儿女劾力同心、奋力实现中华民族伟大复兴中国梦的时代。
5. 中国特色社会主义新时代是我国不断为人类作出更大贡献的时代。",2025习概必备主观题.pdf
S021,主观,第七章,如何办好人民满意的教育？,"人民满意是发展教育的根本尺度。加快建设教育强国，最终是办好人民满意的教育。
1. 大力促进教育公平。
2. 加快建设高质量教育体系。
3. 提升教育服务经济社会发展能力。
4. 坚持深化教育改革创新。
5. 坚持把教师队伍建设作为基础工作。",习近平新时代中国特色社会主义思想概论提纲.docx
S022,主观,第七章,如何增强自主创新能力？,"1. 基础研究是科技创新的源头。应使基础研究和应用研究相互促进。
2. 国家战略科技力量是世界科技强国竞争的着力点。国家实验室、国家科研机构、高水平研究型大学、科技领军企业都是国家战略科技力量的重要组成部分。要优化国家战略科技力量定位和布局，建立国家战略科技力量履职尽责、优势互补的协作机制，增强体系化创新能力。",习近平新时代中国特色社会主义思想概论提纲.docx
S023,主观,第七章,如何理解教育是国家大计、党之大计？,"教育是国之大计、党之大计，是功在当代、利在千秋的德政工程，是提高人民综合素质，促进人的全面发展，增强中华民族创新创造活力，实现中华民族伟大复兴具有决定性意义。
要深刻认识教育的重要战略地位，坚定不移办好中国特色社会主义教育，建设教育强国。
教育是国家经济社会发展的支撑力量，在国家发展中始终具有基础性、先导性、全局性地位。
办好中国特色社会主义教育，必须坚持对教育工作的全面领导，坚持教育方针，坚持社会主义办学方向。办好中国特色社会主义教育，必须扎根中国大地办教育。",习近平新时代中国特色社会主义思想概论提纲.docx
S024,主观,第七章 社会主义现代化建设的教育、科技、人才战略,如何理解“教育、科技、人才是全面建设社会主义现代化国家的基础性、战略性支撑”？新时代青年应如何投身教育强国、科技强国、人才强国建设？,哈尔滨通过吸引人才、建设科技基地、解决住房医疗子女教育等后顾之忧，把教育、科技、人才作为一个系统来推进：教育为人才培养提供基础，科技平台为创新创造提供载体，人才政策为科技创新和城市发展提供支撑，三者相互促进、形成良性循环。对新时代青年的启示是：个人成长要服务国家和地方发展需要，既要重视学习和专业积累，也要提升创新实践能力，把个人理想融入教育强国、科技强国、人才强国建设，在中国式现代化进程中承担时代责任。,确认补充题
S025,主观,第三章,为什么要健全党中央对重大工作的领导体制？,"党中央对重大工作的领导体制，是加强党的全面领导的制度安排，是实现党的全面领导的直接体现。加强党的全面领导，必须加强党中央对党和国家重大工作的领导。
加强党中央对重大工作的领导，是我们党的优良传统和宝贵经验。
加强党中央对重大工作的领导，必须完善党中央重大决策部署落实机制。",习近平新时代中国特色社会主义思想概论提纲.docx
S026,主观,第三章,为什么说中国共产党领导是中国特色社会主义制度的最大优势？,"1. 中国共产党以马克思主义作为行动指南，在实践中不断推进马克思主义中国化时代化，为坚持和完善中国特色社会主义制度提供强大理论优势。
2. 中国共产党的自身优势是中国特色社会主义制度优势的主要来源。
3. 中国共产党能够集中全党全国力量、凝聚全民族共同意志，在各项事业中发挥总揽全局、协调各方的作用，确保中国特色社会主义制度的显著优势充分彰显。
4. 我国国家制度和国家治理体系具有多方面的显著优势，其中最大优势是中国共产党领导。",习近平新时代中国特色社会主义思想概论提纲.docx
S027,主观,第三章,如何维护党中央权威和集中统一领导？,"党中央集中统一领导是党的领导的最高原则，是党保持团结统一和强大战斗力、不断取得胜利的关键所在。加强和维 护党中央权威和集中统一领导，是全党共同的政治责任，是党和国家事业发展的必然要求。
1. 维护党中央权威和集中统一领导，是一个成熟的马克思主义执政党的重大建党原则。
2. 维护党中央权威和集中统一领导，必须坚决贯彻党的理论、路线方针政策和党中央决策部署。
3. 维护党中央权威和集中统一领导，最关键的是坚决维护习近平同志党中央的核心、全党的核心地位。
4. 维护党中央权威和集中统一领导，同坚持党的民主集中制是完全一致的。",习近平新时代中国特色社会主义思想概论提纲.docx
S028,主观,第三章 坚持党的全面领导,为什么要健全党中央对重大工作的领导体制？,"1. 党中央对重大工作的领导体制，是加强党的全面领导的制度安排，是实现党的全面领导的直接体现。加强党的全面领导，必须加强党中央对党和国家重大工作的领导。
2. 加强党中央对重大工作的领导，是我们党的优良传统和宝贵经验。
3. 1948 年初，毛泽东为中共中央起草《关于建立报告制度》的党内指示，推动建立健全全党全军向中央报告工作的制度，加强了党中央对重大工作的领导。
4. 党的十八大以来，以习近平同志为核心的党中央进一步加强对重大工作的领导，建立健全深化改革、依法治国、经济、国家安全、网络信息、外交、审计等领域的决策议事协调机构，完善了党中央对国家重大工作的领导体制。
5. 习近平指出：“决策议事协调机构重点是谋大事、议大事、抓大事，听取各方面的意见和建议，更好坚持民主集中制，提高决策的科学性。”。",2025习概必备主观题.pdf
S029,主观,第三章 坚持党的全面领导,为什么要坚持党的领导?,"中国共产党是中国特色社会主义事业的坚强领导核心、是人民当家作主的可靠保障，是党和国家的根本所在、命脉所在。
1. 坚持党的全面领导是坚持和发展中国特色社会主义的必由之路。
2. 中国特色社会主义最本质的特征是中国共产党领导，中国特色社会主义制度的最大优势是中国共产党领导，中国共产党是最高政治领导力量，坚持党中央集中统一领导是最高政治原则。
3. 党的领导直接关系中国式现代化的根本方向、前途命运、最终成败。
4. 党的领导决定中国式现代化的根本性质。
5. 党的领导确保中国式现代化锚定奋斗目标行稳致远。
6. 党的领导激发建设中国式现代化的强劲动力。
7. 党的领导凝聚建设中国式现代化的磅礴力量。",2025习概必备主观题.pdf
S030,主观,第三章 坚持党的全面领导,党的领导制度体系党的领导制度是一个系统完备、内涵丰富的制度体系，主要涵盖六个方面的制度。,"1. 建立不忘初心、牢记使命的制度。
2. 完善坚定维护党中央权威和集中统一领导的各项制度。
3. 健全党的全面领导制度。
4. 健全为人民执政、靠人民执政各项制度。
5. 健全提高党的执政能力和领导水平制度。
6. 完善全面从严治党制度。",2025习概必备主观题.pdf
S031,主观,第三章 坚持党的全面领导,坚持党对一切工作的领导主要体现在哪些方面？,"1. 在领导对象上，党领导人大、政府、政协、监察机关、审判机关、检察机关、武装力量、人民团体、企事业单位、基层群众性自治组织、社会组织等。
2. 在领导内容上，党领导经济建设、政治建设、文化建设、社会建设、生态文明建设和国家安全、国防军队、祖国统一、外交工作、党的建设等。
3. 在领导过程上，党既制定路线方针政策，又协调各方、督促落实，党的领导贯穿于立法、决策、执行、管理、监督等各项工作之中。
4. 在领导方式上，党通过制定大政方针，提出立法建议，推荐重要干部，进行思想宣传，发挥党组织和党员的作用等,实施党对国家和社会的全面领导。",2025习概必备主观题.pdf
S032,主观,第三章 坚持党的全面领导,如何健全党的全面领导制度？,"坚持和加强党的全面领导，必须健全党的全面领导制度，发挥党在各种组织中总揽全局、协调各方的必须完善党在各种组织中发挥领导作用的制度。
1. 必须完善党在各种组织中发挥领导作用的制度。
2. 必须完善党协调各方的机制。
3. 必须完善党领导各项事业的具体制度。",2025习概必备主观题.pdf
S033,主观,第三章 坚持党的全面领导,如何理解党中央集中统一领导是党的领导的最高原则？,"1. 事在四方，要在中央。党中央集中统一领导是党的领导的最高原则，是党保持团结统一和强大战斗力、不断取得胜利的关键所在。
2. 加强和维护党中央权威和集中统一领导，是一个成熟的马克思主义执政党的重大建党原则。
3. 马克思、恩格斯在创建和领导无产阶级政党的实践中，明确提出无产阶级政党不是自由松散的俱乐部，而是肩负重大历史使命的新型政党，必须维护党的权威。
4. 恩格斯强调：“没有权威，就不可能有任何的一致行动。”。
5. 列宁认为：“任何一个阶级，如果不推举出自己的善于组织运动和领导运动的政治领袖和先进代表，就不可能取得统治地位。”。
6. 中国共产党立志于中华民族千秋伟业，致力于人类和平与发展崇高事业，要担负起这样的责任使命，就必须团结成“一块坚硬的钢铁”，就必须有坚强的领导核心。
7. 习近平指出：“我们这么大一个党、这么大一个国家，如果没有党中央定于一尊的权威，党中央决定了的事都不去照办，还是各说各的话、各做各的事，那就什么事情也办不成了。”。",2025习概必备主观题.pdf
S034,主观,第三章 坚持党的全面领导,如何维护党中央权威和集中统一领导?,"党中央集中统一领导是党的领导的最高原则，是党保持团结统一和强大战斗力、不断取得胜利的关键所在、是全党共同的政治责任、是党和国家事业发展的必然要求、是一个成熟的马克思主义执政党的重大建党原则。
1. 维护党中央权威和集中统一领导，必须坚决贯彻党的理论、路线方针政策和党中央决策部署。
2. 维护党中央权威和集中统一领导，最关键的是坚决维护习近平同志党中央的核心、全党的核心地位。
3. 维护党中央权威和集中统一领导，同坚持党的民主集中制是完全一致的。",2025习概必备主观题.pdf
S035,主观,第三章 坚持党的全面领导,如何认识中国最大的国情就是中国共产党的领导？,"1. 中国共产党是中国特色社会主义事业的坚强领导核心。没有中国共产党，就没有新中国，就没有中国特色社会主义。党领导人民在百年奋斗中开辟了实现中华民族伟大复兴的正确道路，书写了中华民族几千年历史上最恢宏的史诗。
2. 中国共产党的领导地位是在历史奋斗中形成的。历史和现实都证明，中国人民和中华民族之所以能够扭转近代以后的历史命运、取得今天的伟大成就，最根本的是有中国共产党的坚强领导。
3. 中国共产党领导是人民当家作主的可靠保障。人民当家作主是我们党领导人民长期奋斗的历史成果。
4. 中国共产党领导关系中国特色社会主义的性质、方向和命运。中国特色社会主义之所以是社会主义，究其根本就在于坚持科学社会主义基本原则，在于坚持中国共产党的领导。中国共产党领导是实现中华民族伟大复兴的根本保证。",2025习概必备主观题.pdf
S036,主观,第九章,为什么说全面依法治国是国家治理的一场深刻革命？,"法律是国之重器，法治是国家治理体系和治理能力的重要依托。
历史和现实告诉我们，法治兴则国兴，法治强则国强。全面依法治国是完善和发展中国特色社会主义制度、推进国家治理体系和治理能力现代化的重要方面，是坚持和发展中国特色社会主义的本质要求和重要保障。
党的十八大以来，习近平同志为核心的党中央，从坚持和发展中国特色社会主义的全局和战略高度，定位法治，布局法治，厉行法治，把全面依法治国纳入四个全面战略布局，推动社会主义法治国家建设取得历史性成就。",习近平新时代中国特色社会主义思想概论提纲.docx
S037,主观,第九章,什么是全面依法治国的唯一正确道路？,"1. 我们党领导人民长期探索走出的中国特色社会主义法治道路，是全面依法治国的唯一正确道路。这条道路是由我国社会主义国家性质所决定的，本质上是中国特色社会主义道路在法治领域的具体体现。
2. 中国特色社会主义法治道路的核心要义，就是要坚持党的领导，坚持中国特色社会主义制度，贯彻中国特色社会主义法治理论。其中，党的领导是社会主义法治最根本的保证。中国特色社会主义制度是中国特色社会主义法治体系的根本制度基础，是全面推进依法治国的根本制度保障。中国特色社会主义法治理论是中国特色社会主义法治体系的理论指导和学理支撑，是全面推进依法治国的行动指南。这三个方面规定和确保了中国特色社会主义法治体系的制度属性和前进方向。
3. 坚持和拓展中国特色社会主义法治体系应坚持以下原则：坚持中国共产党的领导，坚持以人民为中心，坚持法律面前人人平等，坚持依法治国和以德治国相结合，坚持从中国的实际出发。",习近平新时代中国特色社会主义思想概论提纲.docx
S038,主观,第九章,如何理解中国特色社会主义法治体系的主要内容？,"1. 全面推进依法治国的总抓手建设中国特色社会主义法治体系，建设社会主义法治国家是坚持和发展中国特色社会主义的内在要求。
中国特色社会主义法治体系，本质上是中国特色社会主义制度的法律表现形式。
2. 坚持依宪治国、依宪执政。
宪法是国家的根本法，是治国安邦的总章程，是党和人民意志的集中体现，是国家各种制度和法律法规的总依据，具有较高的法律地位、法律权威、法律效力。
坚持依宪治国、依宪执政，必须坚持党的领导地位和我国国体、政体不动摇。
坚持依宪治国、依宪执政，必须全面贯彻实施宪法。
3. 更好推进中国特色社会主义法治体系建设--法治体系是国家治理体系的骨干工程。
加快形成完备的法律规范体系加快形成高效的法治实施体系加快形成严密的法制监督体系加快形成有力的法治保障体系加快形成完善的党内法规体系。",习近平新时代中国特色社会主义思想概论提纲.docx
S039,主观,第九章 全面依法治国,中国特色社会主义法治道路的核心要义及原则是什么？,"中国特色社会主义法治道路的核心要义，就是要坚持党的领导，坚持中国特色社会主义制度，贯彻中国特色社会主义法治理论。必须牢牢把握核心要义，毫不动摇坚持以下原则。
1. 坚持中国共产党的领导。
2. 坚持以人民为中心。
3. 坚持法律面前人人平等。
4. 坚持依法治国和以德治国相结合。
5. 坚持从中国实际出发。",2025习概必备主观题.pdf
S040,主观,第九章 全面依法治国,"为什么要像爱惜自己的生命一样保护好文化遗产文化遗产承载灿烂文明，传承历史文化,维系民族精神，是加强社会主义精神文明建设的深厚滋养，不仅要在物质形式上传承好，更要在心里传承好。","党的十八大以来，以习近平同志为核心的党中央从留住文化根脉、守住民族之魂的战略高度出发，把历史文化遗产保护利用工作摆到更加突出的位置，推动文物保护利用和文化遗产保护传承工作得到全面加强。
保护好、传承好文化遗产是对历史负责、对人民负责，要坚持把保护放在第一位，增强对历史文物和文化遗产的敬畏之心，像爱惜自己的生命一样保护好文化遗产，守护好中华文脉。",2025习概必备主观题.pdf
S041,主观,第九章 全面依法治国,为什么要全面推进依法治国？,"1. 法治兴则国兴，法治强则国强。
2. 法治固根本、稳预期、利长远。
3. 依法治国是中国特色社会主义的本质要求和重要保障。
4. 全面依法治国，是国家治理领域一场广泛而深刻革命，是实现国家治理体系和治理能力现代化的必然要求，事关我们党执政兴国，事关人民，幸福安康，事关党和国家事业发展。
中国特色社会主义法治道路的核心要义坚持党的领导，坚持中国特色社会主义制度，贯彻中国特色社会主义法治理论。
1. 中国共产党领导是中国特色社会主义最本质的特征，是社会主义法治最根本的保证。
2. 中国特色社会主义制度充分保障党的主张和人民意志的统一，充分保证法律制度的科学性和先进性，是中国特色社会主义法治体系的根本制度基础。
3. 中国特色社会主义法治理论，是社会主义法治精神、法治文化、法治意识和法学理论体系的总和，为中国特色社会主义法治体系提供理论指导和学理支撑，是全面依法治国的行动指南。
统筹处理全面依法治国的重大关系。
1. 正确处理政治和法治的关系。政治和法治相互依存，相互作用，密不可分。法治当中有政治，没有脱离政治的法治。
2. 正确处理改革和法治的关系。改革和法治相辅相成、相伴而生。要在法治下推进改革，在改革中完善法治。
3. 正确处理依法治国和以德治国的关系。法治和德治都是治国理政不可或缺的重要手段。法律是成文的道德，道德是内心的法律。
4. 正确处理依法治国和依规治党的关系。依规治党深入党心，依法治国才能深入民心。",2025习概必备主观题.pdf
S042,主观,第九章 全面依法治国,为什么要坚持马克思主义在意识形态领域指导地位的根本制度？,"1. 马克思主义是我们立党立国、兴党兴国的根本指导思想。
2. 坚持马克思主义在意识形态领域指导地位的制度是中国特色社会主义制度体系的一项根本制度、是坚持和加强党对宣传思想文化工作全面领导的本质要求、是发展社会主义先进文化的有力保障。
3. 坚持马克思主义在意识形态领域指导地位的根本制度是历史的结论。
4. 坚持马克思主义在意识形态领域指导地位的根本制度，是坚持和巩固我国社会主义制度、保证我国文化建设正确方向的必然要求。",2025习概必备主观题.pdf
S043,主观,第九章 全面依法治国,为什么说全面依法治国是国家治理的一场深刻革命？,"1. 法律是治国之重器，法治是国家治理体系和治理能力的重要依托。
2. 习近平指出：“全面依法治国是国家治理的一场深刻革命，关系党执政兴国，关系人民幸福安康，关系党和国家长治久安。”。
3. 历史和现实告诉我们，法治兴则国兴，法治强则国强。什么时候重视法治、法治昌明，什么时候就国泰民安；什么时候忽视法治、法治松弛,什么时候就国乱民怨。",2025习概必备主观题.pdf
S044,主观,第九章 全面依法治国,为什么说文化自信是一个国家、一个民族发展中最基本、最深沉、最持久的力量？,"1. 文化是民族生存和发展的重要力量。
2. 文化是一个国家、一个民族的灵魂。
3. 文化繁荣兴盛是实现中华民族伟大复兴的必然要求。
4. 文化繁荣兴盛是实现中华民族伟大复兴的精神支撑。
5. 文化繁荣兴盛是建设社会主义现代化强国的应有之义。
6. 文化繁荣兴盛是满足人民日益增长的美好生活需要的内在要求。
7. 文化繁荣兴盛是在世界文化激荡中站稳脚跟的前提基础。
建设社会主义文化强国、推动社会主义文化繁荣兴盛，关键在于坚定中国特色社会主义文化自信。没有高度的文化自信，没有文化的繁荣兴盛，就没有中华民族伟大复兴。",2025习概必备主观题.pdf
S045,主观,第九章 全面依法治国,习近平法治思想习近平法治思想的主要内容集中体现为“十一个坚持”的主要内容是什么？,"1. 坚持党对全面依法治国的领导。
2. 坚持以人民为中心。
3. 坚持中国特色社会主义法治道路。
4. 坚持依宪治国、依宪执政。
5. 坚持在法治轨道上推进国家治理体系和治理能力现代化。
6. 坚持建设中国特色社会主义法治体系。
7. 坚持依法治国、依法执政、依法行政共同推进，法治国家、法治政府、法治社会一体建设。
8. 坚持全面推进科学立法、严格执法、公正司法、全民守法。
9. 坚持统筹推进国内法治和涉外法治。
10. 坚持建设德才兼备的高素质法治工作队伍。
11. 坚持抓住领导干部这个“关键少数”。",2025习概必备主观题.pdf
S046,主观,第九章 全面依法治国,如何坚持中国特色社会主义文化发展道路？,"1. 中国特色社会主义文化发展道路，是推动社会主义文化繁荣兴盛的唯一正确道路。
2. 坚持举旗帜、聚民心、育新人、兴文化、展形象。
- 举旗帜，就是要高举马克思主义、中国特色社会主义的旗帜。
- 聚民心，就是要牢牢把握正确舆论导向，唱响主旋律，壮大正能量，把全党全国人民士气鼓舞起来、精神振奋起来，朝着党中央确定的宏伟目标团结一心向前进。
- 育新人，就是要坚持立德树人、以文化人，培养能够担当民族复兴大任的时代新人。
- 兴文化，就是要坚持中国特色社会主义文化发展道路，推动中华优秀传统文化创造性转化、创新性发展，继承革命文化，建设社会主义文化强国。
- 展形象，就是要推进国际传播能力建设，讲好中国故事、传播好中国声音，提高国家文化软实力和中华文化影响力。
3. 坚持“二为”方向、“双百”方针。坚持为人民服务、为社会主义服务的根本方向，坚持百花齐放、百家争鸣的重要方针。
4. 激发全民族文化创新创造活力。",2025习概必备主观题.pdf
S047,主观,第九章 全面依法治国,如何坚持马克思主义在意识形态领域指导地位的根本制度？,"1. 加强马克思主义理论建设，是不断巩固马克思主义在意识形态领域的指导地位、不断巩固全党全国人民团结奋斗的共同思想基础的必然要求。
2. 坚持用马克思主义特别是中国化时代化的马克思主义武装全党、教育人民、指导实践。
3. 深化马克思主义理论研究和建设。
4. 加快构建中国特色哲学社会科学。",2025习概必备主观题.pdf
S048,主观,第九章 全面依法治国,如何建设法治中国？（怎样建设更高水平的法治中国？）？,"1. 坚持依法治国、依法执政、依法行政共同推进。
2. 坚持法治国家、法治政府、法治社会一体建设。
3. 坚持统筹推进国内法治和涉外法治。
4. 完善以宪法为核心的中国特色社会主义法律体系。
5. 扎实推进依法行政。
6. 严格公正司法。
7. 加快建设法治社会。",2025习概必备主观题.pdf
S049,主观,第九章 全面依法治国,如何推动中华优秀传统文化创造性转化、创新性发展？,"对历史最好的继承，就是创造新的历史。中国共产党既是中国先进文化的积极引领者和践行者，又是中华优秀传统文化的忠实传承者和弘扬者。
要坚持马克思主义的立场观点方法，坚持古为今用、推陈出新，有鉴别地加以对待，有扬弃地予以继承。
创造性转化，就是要按照时代特点和要求，对那些至今仍有借鉴价值的内涵和陈旧的表现形式加以改造，赋予其新的时代内涵和现代表达形式，激活其生命力。
创新性发展，就是要按照时代的新进步新进展，对中华优秀传统文化的内涵加以补充、。
拓展、完善，增强其影响力和感召力。
要通过创造性转化和创新性发展，使中华民族最基本的文化基因同当代中国相适应、同现代社会相协调、同现实文化相融通，把跨越时空、超越国界、富有永恒魅力、具有当代价值的文化精神弘扬起来。",2025习概必备主观题.pdf
S050,主观,第九章 全面依法治国,如何更好推进中国特色社会主义法治体系建设？（如何建设和完善中国特色社会主义法治体系？）？,"1. 加快形成完备的法律规范体系。法律规范体系是以宪法为核心。
2. 加快形成高效的法治实施体系。法治实施体系包括执法、司法、守法等各个环节的协调高效运转。
3. 加快形成严密的法治监督体系。法治监督体系以规范和约束公权力的运行为重点。
4. 加快形成有力的法治保障体系。法治保障体系包括政治、思想、组织、制度、队伍、科技等保障条件。
5. 加快形成完善的党内法规体系。把党内法规体系纳入中国特色社会主义法治体系，是我国法治区别于其他国家法治的鲜明特征。",2025习概必备主观题.pdf
S051,主观,第九章 全面依法治国,如何理解中国特色社会主义法治道路是全面依法治国的唯一正确道路？,"我们党领导人民长期探索走出的中国特色社会主义法治道路，是全面依法治国的唯一正确道路。
这条道路是由我国社会主义国家性质所决定的，本质上是中国特色社会主义道路在法治领域的具体体现。
我国法治建设的成就可以列举出十几条、几十条，但归结起来就是开辟了中国特色社会主义法治道路这一条。
在坚持和拓展中国特色社会主义法治道路这个根本问题上，必须树立自信、保持定力。
第十章建设社会主义文化强国。",2025习概必备主观题.pdf
S052,主观,第九章 全面依法治国,如何理解依法治国与以德治国的关系？,依法治国和以德治国相结合，是中国特色社会主义法治道路的重要原则。法律和道德都具有规范行为、调节关系、维护秩序的作用。法治重在规范和保障，德治重在教化和支撑；既要发挥法律的规范作用，也要发挥道德的教化作用，把社会主义核心价值观融入法治建设，使法治与德治在国家治理中相互补充、相互促进、相得益彰。,确认补充题
S053,主观,第九章 全面依法治国,如何理解意识形态工作是为国家立心、为民族立魂的工作？,"马克思主义深刻揭示了人类社会发展规律，是来自人民、为了人民、造福人民的思想体系，是指引人民认识世界、改造世界的行动指南。
近代以来，为拯救民族危亡，先进的中国人尝试寻觅过各种思想武器，但都不能解决中国问题。正是中国先进分子选择了马克思主义，才为谋求民族独立、人民解放和国家富强、人民幸福指明了方向。
在长期艰辛探索中，中国共产党把马克思主义基本原理同中国具体实际相结合、同中华优秀传统文化相结合，领导人民走出漫漫长夜，建立了新中国，确立了社会主义制度，开辟了中国特色社会主义道路，推动中国特色社会主义进入新时代，为实现中华民族伟大复兴开拓了光明的前景。
马克思主义的命运早已同中国共产党的命运、中国人民的命运、中华民族的命运紧紧连在一起。
我们党将坚持马克思主义在意识形态领域的指导地位明确为一项根本制度，这是关系党和国家事业长远发展、关系我国文化前进方向和发展道路的重大制度创新，是为国家立心、为民族立魂的工作。",2025习概必备主观题.pdf
S054,主观,第九章 全面依法治国,如何铸就社会主义文化新辉煌？,"1. 传承发展中华优秀传统文化中华优秀传统文化是中华文明的智慧结晶和精华所在，是中华民族的根和魂。深刻把握中华文明突出特性。推动中华优秀传统文化创造性转化、创新性发展。
2. 繁荣发展文化事业和文化产业要大力发展文化事业和文化产业，以文化人、以文育人、以文培元，增强人民精神力量、促进人的全面发展。
3. 不断提升国家文化软实力和中华文化影响力文化软实力集中体现了一个国家基于文化而具有的凝聚力和生命力，以及由此产生的吸引力和影响力。客观真实向世界讲好中国故事，讲好中国共产党故事，讲好我们正在经历的新时代故事。
4. 加强国际传播能力建设，全面提升国际传播效能，形成同我国综合国力和国际地位相匹配的国际话语权。",2025习概必备主观题.pdf
S055,主观,第二章,中华民族近代以来最伟大的梦想是什么？,"实现中华民族伟大复兴的中国梦 （国家富强 民族振兴 人民幸福）。
在中华大地上全面建成小康社会。
（民族复兴的重要基础、中华民族千百年来夙愿的实现人民生活水平跃上新的台阶、对人类社会的重大贡献）。
全面建成社会主义现代化强国。",习近平新时代中国特色社会主义思想概论提纲.docx
S056,主观,第二章,中国式现代化的中国特色是什么？,"1. 中国式现代化是人口规模巨大的现代化。
2. 中国式现代化是全体人民共同富裕的现代化。
3. 中国式现代化是物质文明和精神文明相协调的现代化。
4. 中国式现代化是人与自然和谐共生的现代化。
5. 中国式现代化是走和平发展道路的现代化。",习近平新时代中国特色社会主义思想概论提纲.docx
S057,主观,第二章,中国式现代化的本质是什么？,"坚持中国共产党领导，坚持中国特色社会主义，实现高质量发展，发展全过程人民民主，丰富人民精神世界，实现全体人民共同富裕，促进人与自然和谐共生，推动构建人类命运共同体，创造人类文明新形态。
这一本质要求符合人类现代化的一般规律，阐明了中国式现代化的内在规定性，明确了中国式现代化的领导力量、发展道路和根本方向、总体布局和战略要求，以及对人类文明和世界发展的重大意义，是推进中国式现代化的重要遵循。",习近平新时代中国特色社会主义思想概论提纲.docx
S058,主观,第二章,中国梦的内涵是什么？,"中华民族是世界上伟大的民族，创造了灿烂的中华文明，长期走在世界前列，为人类文明进步做出了不可磨灭的贡献。
中国共产党自成立之日起，就肩负起实现中华民族伟大复兴的历史使命实现从中华民族伟大的复兴中国梦，本质是国家富强、民族振兴、人民幸福。
中国梦把国家的追求、民族的向往、人民的期盼融为一体，是国家的梦、民族的梦，也是每一个中国人的梦。",习近平新时代中国特色社会主义思想概论提纲.docx
S059,主观,第二章,全面建成小康社会的意义是什么？,"全面建成小康社会，成效卓著，成果丰硕，成色十足。
全面建成小康社会，高质量完成了社会主义现代化建设三步走战略的第二步，是中华民族伟大复兴向前迈出新的一大步。
全面建成小康社会，探索了人类解决贫困问题的新路径，为推动人类文明进步做出了重大贡献。",习近平新时代中国特色社会主义思想概论提纲.docx
S060,主观,第二章 以中国式现代化全面推进中华民族伟大复兴,中华民族伟大复兴中国梦的内涵实现中华民族伟大复兴的中国梦，本质是国家富强、民族振兴、人民幸福。,"1. 国家富强，就是要在全面建成小康社会基础上，全面建成富强民主文明和谐美丽的社会主义现代化强国。
2. 民族振兴，就是要使中华民族更加坚强有力地自立于世界民族之林，为人类作出新的更大的贡献。
3. 人民幸福，就是要坚持以人民为中心，增进人民福祉，促进人的全面发展，朝着共同富裕方向稳步前进。",2025习概必备主观题.pdf
S061,主观,第二章 以中国式现代化全面推进中华民族伟大复兴,中国式现代化的本质要求是什么？,"1. 坚持中国共产党领导。
2. 坚持中国特色社会主义。
3. 实现高质量发展。
4. 发展全过程人民民主。
5. 丰富人民精神世界。
6. 实现全体人民共同富裕。
7. 促进人与自然和谐共生。
8. 推动构建人类命运共同体。
9. 创造人类文明新形态。",2025习概必备主观题.pdf
S062,主观,第二章 以中国式现代化全面推进中华民族伟大复兴,中国式现代化需要正确处理的重大关系是什么？,"1. 正确处理顶层设计与实践探索的关系。
2. 正确处理战略与策略的关系。
3. 正确处理守正与创新的关系。
4. 正确处理效率与公平的关系。
5. 正确处理活力与秩序的关系。
6. 正确处理自立自强与对外开放的关系。",2025习概必备主观题.pdf
S063,主观,第二章 以中国式现代化全面推进中华民族伟大复兴,中国式现代化需要牢牢把握的重大原则必须牢牢把握以下重大原则是什么？,"1. 坚持和加强党的全面领导。
2. 坚持中国特色社会主义道路。
3. 坚持以人民为中心的发展思想。
4. 坚持深化改革开放。
5. 坚持发扬斗争精神。",2025习概必备主观题.pdf
S064,主观,第二章 以中国式现代化全面推进中华民族伟大复兴,作为新时代青年，在推进中国式现代化中能够做出什么贡献？,新时代青年应把个人理想融入强国建设、民族复兴伟业。具体可以做到：坚定理想信念，增强理论素养和历史主动；练就过硬本领，提升专业能力、创新能力和实践能力；立足本职和所学，在科技创新、乡村振兴、绿色发展、社会服务等领域贡献力量；锤炼品德修为，勇于担当、艰苦奋斗，把“小我”融入“大我”。可结合自身专业、志愿服务、科研学习或基层实践举例说明。,确认补充题
S065,主观,第二章 以中国式现代化全面推进中华民族伟大复兴,全面建成小康社会的意义是什么？,"1. 全面建成小康社会，高质量完成了社会主义现代化建设“三步走”战略的第二步，使中华民族伟大复兴向前迈出新的一大步。
2. 全面建成小康社会，兑现了党向人民、向历史作出的庄严承诺，践行了党为中国人民谋幸福、为中华民族谋复兴的初心使命。
3. 全面建成小康社会，标志着第一个百年奋斗目标胜利实现，国家更富强、人民更幸福、社会更稳定、环境更优美，人民获得感幸福感安全感显著提升，中华民族实现了从大幅落后于时代到大踏步赶上时代的新跨越。
4. 全面建成小康社会，极大彰显了中国特色社会主义制度的优势，极大提升了民族自信心自豪感，极大增强了实现中华民族伟大复兴的能量。
5. 全面建成小康社会，探索了人类解决贫困问题的新路径，为推动人类文明进步作出了重大贡献。",2025习概必备主观题.pdf
S066,主观,第二章 以中国式现代化全面推进中华民族伟大复兴,全面建成社会主义现代化强国总的战略安排分两步从 2020 年到 2035 年基本实现社会主义现代化；从 2035 年到本世纪中叶把我国建成富强民主文明和谐美丽的社会主义现代化强国。,"1. 第一步，基本实现社会主义现代化。
到 2035 年，我国发展的总体目标是：
经济实力、科技实力、综合国力大幅跃升，人均国内生产总值迈上新的大台阶，达到中等发达国家水平；实现高水平科技自立自强，进入创新型国家前列；建成现代化经济体系，形成新发展格局，基本实现新型工业化、信息化、城镇化、农业现代化；基本实现国家治理体系和治理能力现代化，全过程人民民主制度更加健全，基本建成法治国家、法治政府、法治社会；建成教育强国、科技强国、人才强国、文化强国、体育强国、健康中国，国家文化软实力显著增强；人民生活更加幸福美好，居民人均可支配收入再上新台阶，中等收入群体比重明显提高，基本公共服务实现均等化，农村基本具备现代生活条件，社会保持长期稳定，人的全面发展、全体人民共同富裕取得更为明显的实质性进展；广泛形成绿色生产生活方式，碳排放达峰后稳中有降，生态环境根本好转，美丽中国目标基本实现；国家安全体系和能力全面加强，基本实现国防和军队现代化。
2. 第二步，在基本实现社会主义现代化的基础上，到本世纪中叶，把我国建设成为富强民主文明和谐美丽的社会主义现代化强国。",2025习概必备主观题.pdf
S067,主观,第二章 以中国式现代化全面推进中华民族伟大复兴,总结中国式现代化的特点，并简要分析它们之间的关系。,中国式现代化的五个中国特色是：人口规模巨大的现代化、全体人民共同富裕的现代化、物质文明和精神文明相协调的现代化、人与自然和谐共生的现代化、走和平发展道路的现代化。五者相互联系、共同构成中国式现代化的整体特征：人口规模巨大体现基本国情；共同富裕体现社会主义本质要求；物质文明和精神文明协调体现人的全面发展；人与自然和谐共生体现可持续发展；走和平发展道路体现中国同世界关系的正确方向。推进中国式现代化必须系统推进、整体把握。,确认补充题
S068,主观,第五章 全面深化改革,什么是全面深化改革开放的正确方向？,"1. 必须坚持和改善党的全面领导、坚持和完善中国特色社会主义制度。
2. 必须坚持以人民为中心，促进社会公平正义、增进人民福祉。
3. 必须有利于进一步解放思想、进一步解放和发展社会生产力、进一步解放和增强社会活力。",习近平新时代中国特色社会主义思想概论提纲.docx
S069,主观,第五章 全面深化改革,怎样推进全面深化改革开放？,"1. 增强全面深化改革的系统性、整体性、协同性。
2. 加强顶层设计和摸着石头过河相结合。加强调查研究，坚持问题导向和目标导向相统一，善于从群众关注的焦点、百姓生活的难点中寻找改革切入点。
3. 统筹改革、发展、稳定。改革是经济社会发展的强大动力，发展是解决一切经济社会问题的关键，稳定是改革发展的前提。
4. 胆子要大，步子要稳。
5. 坚持重大改革于法有据。",习近平新时代中国特色社会主义思想概论提纲.docx
S070,主观,第五章 全面深化改革开放,中国特色社会主义制度和国家治理体系的显著优势是什么？,"1. 坚持党的集中统一领导，坚持党的科学理论，保持政治稳定，确保国家始终沿着社会主义方向前进的显著优势。
2. 坚持人民当家作主，发展人民民主，密切联系群众，紧紧依靠人民推动国家发展的显著优势。
3. 坚持全面依法治国，建设社会主义法治国家，切实保障社会公平正义和人民权,利的显著优势。
4. 坚持全国一盘棋，调动各方面积极性，集中力量办大事的显著优势。
5. 坚持各民族一律平等，铸牢中华民族共同体意识，实现共同团结奋斗、共同繁-荣发展的显著优势。
6. 坚持公有制为主体、多种所有制经济共同发展和按劳分配为主体、多种分配方式并存，把社会主义制度和市场经济有机结合起来，不断解放和发展社会生产力的显著优势。
7. 坚持共同的理想信念、价值理念、道德观念，弘扬中华优秀传统文化、革命文化、社会主义先进文化，促进全体人民在思想上精神上紧紧团结在一起的显著优势。
8. 坚持以人民为中心的发展思想，不断保障和改善民生、增进人民福祉，走共同富裕道路的显著优势。
9. 坚持改革创新、与时俱进，善于自我完善、自我发展，使社会始终充满生机活力的显著优势。
10. 坚持德才兼备、选贤任能，聚天下英才而用之，培养造就更多更优秀人才的显著优势。
11. 坚持党指挥枪，确保人民军队绝对忠诚于党和人民，有力保障国家主权、安全、发展利益的显著优势。
12. 坚持“一国两制""，保持香港、澳门长期繁荣稳定，促进祖国和平统一的显著优勢。
13. 坚持独立自主和对外开放相统一，积极参与全球治理，为构建人类命运共同体不断作出贡献的显著优势。",2025习概必备主观题.pdf
S071,主观,第五章 全面深化改革开放,为什么说改革开放永无止境？,"1. 全面深化改革开放，是新时代坚持和发展中国特色社会主义的根本动力。
2. 改革开放永无止境是社会基本矛盾运动规律的深刻反映。
3. 改革开放永无止境是总结世界社会主义实践经验得出的重要结论。
4. 改革开放永无止境是推进党和人民事业发展的必然要求。",2025习概必备主观题.pdf
S072,主观,第五章 全面深化改革开放,为什么说新时代全面深化改革开放是一场深刻革命？,"新时代全面深化改革开放，就其艰巨性、复杂性和系统性来说，是一场深刻的革命。
全面深化改革开放是涉险滩、闯难关的变革。经过多年的改革开放,容易的、皆大欢喜的改革已经完成了，好吃的肉都吃掉了，剩下的都是难啃的硬骨头。深层次矛盾加剧、利益固化的藩篱高筑、体制机制的弊病凸显，改革开放如逆水行舟，不进则退。新时代的改革开放既深刻又复杂，各领域改革紧密联系、相互交融，任何一个领域的改革都会牵动其他领域，如果各领域改革不配套，改革和开放不协调，各地各部门改革开放措施相互掣肘，全面深化改革开放就很难推进下去。
必须勇于除一切不合时宜的思维定势和固有观念，深入贯彻新理念新思想新战略,形成勇于变革、勇于突破、勇于创新的新思维方式。
必须勇于打破部门利益、行业利益、本位思想，坚持服从国家整体利益、服务改革发展稳定大局，形成有利于维护国家整体利益和最广大人民根本利益的新格局。
必须勇于跳出条条框框限制，破除深层次体制机制障碍和顽瘴痼疾，构建系统完备、科学规范、运行有效的制度体系。
必须勇于破解我国开放型经济体制建设中的突出问题，积极适应经济全球化新趋势、世界格局新变化和我国发展新要求，以对外开放的主动赢得经济发展的主动、赢得国际竞争的主动。",2025习概必备主观题.pdf
S073,主观,第五章 全面深化改革开放,全面深化改革“六个紧紧围绕”的路线图。,"全面深化改革必须牢牢把握总目标，实施好“六个紧紧围绕”的路线图。
1. 紧紧围绕使市场在资源配置中起决定性作用和更好发挥政府作用，深化经济体制改革。
2. 紧紧围绕坚持党的领导、人民当家作主、依法治国有机统一，深化政治体制改革。
3. 紧紧围绕建设社会主义核心价值体系、社会主义文化强国，深化文化体制改革。
4. 紧紧围绕更好保障和改善民生、促进社会公平正义，深化社会体制改革。
5. 紧紧围绕建设美丽中国，深化生态文明体制改革。
6. 紧紧围绕提高科学执政、民主执政、依法执政水平，深化党的建设制度改革。",2025习概必备主观题.pdf
S074,主观,第五章 全面深化改革开放,如何推进国家治理体系和治理能力现代化？,"国家治理体系和治理能力是一个国家制度和制度执行能力的集中体现。
1. 推进国家治理体系和治理能力现代化，必须坚定中国特色社会主义制度自信。
2. 推进国家治理体系和治理能力现代化，必须更好发挥中国特色社会主义制度优势。
3. 推进国家治理体系和治理能力现代化，必须把中国特色社会主义制度优势转化为国家治理效能。",2025习概必备主观题.pdf
S075,主观,第五章 全面深化改革开放,如何理解全面深化改革总目标？,"全面深化改革总目标是：完善和发展中国特色社会主义制度、推进国家治理体系和治理能力现代化。
这一总目标是一个内涵丰富的有机整体，两句话都讲，才是完整的、全面的。
“完善和发展中国特色社会主义制度”，规定了改革的根本方向，就是无论改什么、怎么改，都要坚持中国共产党领导、坚持中国特色社会主义，就是要通过改革推动中国特色社会主义制度更加成熟更加定型、更好发挥中国特色社会主义制度的优越性。
“推进国家治理体系和治理能力现代化”，明确了改革的鲜明指向和时代要求，就是要通过改革进一步增强我国制度活力，把制度优势转化为国家治理效能。
这一总目标的提出，标志着我们党对社会主义建设规律和改革开放规律认识的深化，对于新时代统筹推进各领域各方面的改革，对于决胜全面建成小康社会、全面建设社会主义现代化国家、全面推进中华民族伟大复兴具有重大指导意义。",2025习概必备主观题.pdf
S076,主观,第八章,为什么走中国特色社会主义发展道路必须坚持党的领导 人民当家作主 依法治国有机统一？,"党的领导是人民当家作主和依法治国的根本保证，。
人民当家作主是社会主义民主政治的本质特征，。
依法治国是党领导人民治理国家的基本方式，。
三者统一于我国社会主义民主政治伟大实践。
走中国特色社会主义政治发展道路，最根本的是坚持党的领导。
要加强党中央集中统一领导，改进党的领导方式和执政方式，扩大人民有序政治参与，维护国家法治统一、尊严、权威，保障我国社会主义民主政治制度有序运行。",习近平新时代中国特色社会主义思想概论提纲.docx
S077,主观,第八章,什么是人民当家做主制度体系？,根本政治制度一人民代表大会制度基本政治制度一中国共产党领导的多党合作和政治协商制度、民族区域自治制度、基层群众自治制度具体政治制度一一在我国根本政治制度和基本政治制度基础上所派生出的，国家治理各领域各方面各环节的制度。,习近平新时代中国特色社会主义思想概论提纲.docx
S078,主观,第八章,什么是全过程人民民主？,"全过程人民民主是全链条、全方位、全覆盖的民主，实现了过程民主和成果民主、程序民主和实质民主、直接民主和间接民主的统一，是最广泛、最真实、最管用的社会主义民主。‌。
中国共产党的领导是实现全过程人民民主的根本保证。
人民代表大会制度是实现全过程人民民主的重要制度载体协商民主是实践全过程人民民主的重要形式。
基层民主是全过程人民民主的重要体现。",习近平新时代中国特色社会主义思想概论提纲.docx
S079,主观,第八章,全过程人民民主有哪些优势是什么？,"1. 全过程人民民主是社会主义民主政治的伟大创造。
全过程人民民主植根于我国社会主义民主的长期实践，是中国特色社会主义民主政治理论和实践的重要重大成果。全过程人民民主，是新时代我国民主政治领域具有重大创新意义的标志性成果。
全过程人民民主是过程民主和成果民主的统一。
全过程人民民主是程序民主和实质民主的统一。
全过程民人民民主是人民民主和国家意志的统一。
2. 全过程人民民主是全链条、全方位、全覆盖的民主。
3. 全过程人民民主是最广泛、最真实、最管用的民主。",习近平新时代中国特色社会主义思想概论提纲.docx
S080,主观,第八章,如何健全人民当家作主的制度体系？,"1. 加强人民当家作主的制度保障。不断坚持和完善我国根本政治制度、基本政治制度、重要政治制度，构建多样、畅通、有序的民主渠道，有效保障党的主张、国家意志、人民意愿相统一。
2. 全面发展协商民主。社会主义协商民主，是在中国共产党领导下，人民内部各方面围绕改革发展稳定重大问题和涉及群众切身利益的实际问题，在决策之前和决策实施之中开展广泛协商，努力形成共识的重要民主形式。
3. 积极发展基层民主。我国基层民主有多种形式，如村民委员会，社区居民委员会，职工代表大会等。",习近平新时代中国特色社会主义思想概论提纲.docx
S081,主观,第八章 发展全过程人民民主,中国特色社会主义的政治制度的四梁八柱是什么？,"1. 中国特色社会主义政治制度是由根本政治制度、基本政治制度、重要政治制度等组成的制度体系。
2. 人民代表大会制度是坚持党的领导、人民当家作主、依法治国有机统一的根本政治制度。
3. 中国共产党领导的多党合作和政治协商制度、民族区域自治制度以及基层群众自治制度构成我国的基本政治制度。
4. 在根本政治制度、基本政治制度基础之上，形成了一系列具有中国特色的重要政治制度。
这些制度共同构成了中国特色社会主义政治制度的四梁八柱。",2025习概必备主观题.pdf
S082,主观,第八章 发展全过程人民民主,为什么我国不能搬来一座政治制度上的“飞来峰”？,"1. 民主是历史的，一个国家的民主制度是在这个国家的社会历史条件下形成的，植根于本国的历史文化传统，成长于本国人民的政治实践探索和智慧创造。
2. 民主是具体的，一个国家实行什么样的民主制度，走什么样的民主发展道路，必须与这个国家的国情相适应。
3. 实现民主的道路并非只有一条,社会性质不同、现实国情不同，则民主道路不同、民主形态各异。
4. 民主从来就不是固定不变的，而是不断发展的。
5. 世界上不存在完全相同的政治制度，也不存在适用于一切国家的政治制度模式。
不能用单一标尺衡量世界丰富多彩的政治制度、用单调眼光审视人类五彩缤纷的政治文明，也不能割断历史、想象突然就搬来一座政治制度上的“飞来峰”。",2025习概必备主观题.pdf
S083,主观,第八章 发展全过程人民民主,全过程人民民主是什么？,"1. 党的二十大提出“全过程人民民主是社会主义民主政治的本质属性”。
2. 全过程人民民主是过程民主和成果民主的统一。
3. 全过程人民民主是程序民主和实质民主的统一。
4. 全过程人民民主是直接民主和间接民主的统一。
5. 全过程人民民主是人民民主和国家意志的统一。
6. 全过程人民民主是全链条、全方位、全覆盖的民主。
7. 全过程人民民主是最广泛、最真实、最管用的民主。
协商民主是实践全过程人民民主的重要形式、基层民主是全过程人民民主的重要体现。",2025习概必备主观题.pdf
S084,主观,第八章 发展全过程人民民主,共同体理念是什么？,"1. 铸牢中华民族共同体意识，就是要引导各族人民牢固树立休戚与共、荣辱与共、生死与共、命运与共的共同体理念。
2. 要正确把握共同性和差异性的关系、中华民族共同体意识和各民族意识的关系、中华文化和各民族文化的关系、物质和精神的关系，建设各民族共有精神家园，促进各民族共同繁荣共同发展。
3. 尊重和保障少数民族语言文字学习和使用，增强各族群众法律意识，坚决反对大民族主义，反对大汉族主义和地方民族主义，自觉维护国家最高利益和民族团结大局。
4. 促进各民族在中华民族大家庭中像石榴籽一样紧紧抱在一起，共同建设伟大祖国，共同创造美好生活。",2025习概必备主观题.pdf
S085,主观,第八章 发展全过程人民民主,如何健全人民当家作主的制度体系？,"加强人民当家作主制度保障，这些制度坚持人民主体地位，真正把发展为了人民、发展依靠人民、发展成果由人民共享落到实处，充分调动起人民的主观能动性，构成了全面、广泛、有机衔接的人民当家作主制度体系。
1. 要不断坚持和完善我国根本政治制度、基本政治制度、重要政治制度，构建多样、畅通、有序的民主渠道，有效保证党的主张、国家意志、人民意愿相统一。
2. 全面发展协商民主，协商民主是实践全过程人民民主的重要形式。
3. 积极发展基层民主，基层民主是全过程人民民主的重要体现。
发展基层民主，是实现人民有效政治参与的重要渠道，是人民当家作主的有效途径，是社会主义民主最广泛的实践。",2025习概必备主观题.pdf
S086,主观,第八章 发展全过程人民民主,如何加强和促进海内外中华儿女大团结？,"加强和促进海内外中华儿女大团结，要辩证把握好四方面关系：
一是把握好固守圆心和扩大共识的关系，就是要以中国共产党领导为圆心，把团结根基筑牢靠，同时要不断增进共识，扩大团结范围，形成更大的同心圆。
二是把握好潜绩和显绩的关系，就是要坚持正确政绩观，既要做看得见的显绩，更要做打基础利长远的潜绩，脚踏实地、步步为营，持之以恒、久久为功。
三是把握好原则性和灵活性的关系，就是要把方针政策的原则性与对策举措的灵活性结合起来，既站稳立场、在原则问题上寸步不让，又具体问题具体分析，拿捏好分寸，把握好尺度，做到宽严不误。
四是把握好团结和斗争的关系，就是要把团结与斗争统一起来，既善于团结，达成有原则、负责任的团结，又善于斗争，在斗争中争取团结，努力形成牢不可破的真团结。
这四方面关系既讲“两点论”又讲“重点论”，为把握统一战线的政治性和策略性、推动统战工作高质量发展提供了重要原则和方法。",2025习概必备主观题.pdf
S087,主观,第八章 发展全过程人民民主,如何坚定不移走中国特色社会主义政治发展道路？,"1. 走中国特色社会主义政治发展道路，必须坚持党的领导、人民当家作主、依法治国有机统一。
2. 走中国特色社会主义政治发展道路，必须积极稳妥推进政治体制改革。
3. 走中国特色社会主义政治发展道路，必须始终保持政治定力。",2025习概必备主观题.pdf
S088,主观,第八章 发展全过程人民民主,如何理解统一战线是凝聚人心、汇聚力量的强大法宝？,"1. 统一战线是中国共产党夺取革命、建设、改革事业胜利的重要法宝，也是实现中华民族伟大复兴的重要法宝。新时代，统一战线面临的时和势、肩负的使命和任务发生了重大变化，在维护国家主权、安全、发展利益上的作用更加重要。
2. 统战工作的本质要求是大团结大联合，解决的就是人心和力量问题。统一战线因团结而生，靠团结而兴。
3. 统战工作的关键是要坚持求同存异，发扬“团结一批评一团结”的优良传统，在尊重多样性中寻求一致性，找到最大公约数、画出最大同心圆。
4. 统一战线是做人的工作，搞统一战线是为了壮大共同奋斗的力量。
5. 统一战线是党领导的统一战线。党的领导是统一战线最鲜明的特征,坚持党的领导是统一战线最核心最根本的问题。
6. 统战工作是全党的工作，必须大家共同来做，构建党委统一领导、统战部门牵头协调、有关方面各负其责的大统战工作格局。",2025习概必备主观题.pdf
S089,主观,第八章 发展全过程人民民主,怎样理解全过程人民民主是最广泛、最真实、最管用的民主?,"1. 全过程人民民主既能确保人民充分享有各方面权利，又能有效促进国家治理高效和社会和谐稳定，维护和保障人民群众的根本利益，是最广泛、最真实、最管用的民主。
2. 全过程人民民主是全体人民共同持续参与，各个民族共同平等享有，不同地域、不同领域、不同层级、不同群体均实现全面覆盖的民主体系，是最广泛的民主。
3. 全过程人民民主是真真切切落实到国家政治生活和社会生活各方面、为全体人民真真切切感知和认同的民主体系，是最真实的民主。
4. 全过程人民民主体现了社会主义民主的优势，保证在党的领导下有效治理国家，切实防止出现群龙无首、一盘散沙的现象、保证人民依法行使权利、切实防止出现党争纷沓、相互倾轧的现象、切实防止出现民族隔阂、民族冲突的现象、切实防止出现人民形式上有权、实际上无权的现象、切实防止出现相互掣肘、内耗严重的现象。因此，全过程人民民主具有显著的实践优越性，是最管用的民主。",2025习概必备主观题.pdf
S090,主观,第六章,为什么说贯彻新发展理念是关系我国发展全局的一场深刻变革？,"发展是解决我国一切问题的基础和关键。新时代新阶段的发展必须贯彻新发展理念，新发展理念具有丰富的科学内涵和具体的实践要求。
1. 创新是引领发展的第一动力，注重的是解决发展动力问题。
2. 协调是持续健康发展的内在要求，注重的是解决发展不平衡问题。
3. 绿色是永续发展的必要条件和人民对美好生活追求的重要体现，注重的是解决人与自然和谐共生问题。
4. 开放是国家繁荣发展的必由之路，注重的是解决发展内外联动问题，。
5. 共享是中国特色社会主义的本质要求，注重的是解决社会公平正义问题新发展理念是一个系统的理论体系，回答了关于发展的目的、动力、方式、路径等一系列理论和实践问题，阐明了我们党关于发展的政治立场、价值导向、发展模式、发展道路等重大政治问题，深化了我们党对中国特色社会主义经济发展规律的认识，开拓了中国特色社会主义政治经济学新境界。",习近平新时代中国特色社会主义思想概论提纲.docx
S091,主观,第六章,什么是高质量发展？,"高质量发展是全面建设社会主义现代化国家的首要任务，是遵循经济规律发展的必然要求。
高质量发展，是能够很好满足人民日益增长的美好生活需要的发展，是体现新发展理念的发展，是创新成为第一动力、协调成为内生特点、绿色成为普遍形态、开放成为必由之路、共享成为根本目的的发展。
更明确地说，高质量发展，就是从“有没有”转向“好不好。",习近平新时代中国特色社会主义思想概论提纲.docx
S092,主观,第六章,如何推动构建新发展格局?,"构建新发展格局，是要以国内大循环为主体、国内国际双循环相互促进。
1. 着力推动实施扩大内需战略同深化供给侧结构性改革有机结合。
2. 着力发展实体经济。
3. 着力加快科技自立自强。
4. 着力推动产业链供应链优化升级。",习近平新时代中国特色社会主义思想概论提纲.docx
S093,主观,第六章,如何构建高水平社会主义市场经济体制？,"1. 关键是要处理好政府和市场的关系。二者是有机统一的，不是相互否定的。要用好“看不见的手”和“看得见的手”，推动有效市场和有为政府更好结合。
2. 加快建设高标准市场体系。
3. 推进宏观经济治理体系和治理能力现代化。
4. 依法规范和引导资本健康发展。",习近平新时代中国特色社会主义思想概论提纲.docx
S094,主观,第六章 推动高质量发展,两个毫不动摇是什么？,"1. 毫不动摇巩固和发展公有制经济公有制经济包括国有经济和集体经济，还包括混合所有制经济中的国有成分和集体成分。
2. 毫不动摇鼓励、支持、引导非公有制经济发展。
非公有制经济包括个体经济、私营经济、港澳台投资经济、外商投资经济以及混合所有制经济中的非国有成分和非集体成分。
3. 社会主义市场经济条件下，在公有制经济和非公有制经济发展关系上，要适应我国现阶段生产力发展的多层次性和不平衡性，坚持两点论和重点论的统一。要坚持公有制为主体、多种所有制经济共同发展，积极推进国有资本、集体资本、非公有资本等交叉持股、相互融合的混合所有制经济发展，把公有制经济发展和非公有制经济发展统一于社会主义基本经济制度之中。",2025习概必备主观题.pdf
S095,主观,第六章 推动高质量发展,为什么要坚持教育、科技、人才一体推进？,"1. 教育、科技、人才是全面建设社会主义现代化国家的基础性、战略性支撑。
2. 实施科教兴国战略、人才强国战略、创新驱动发展战略是时代的需要。
3. 当前，全球科技创新进入空前密集活跃期，新一轮科技革命和产业变革正在重构全球新版图、重塑全球经济结构，教育、科技、人才在综合国力竞争中的关键地位更加凸显。
4. 坚持教育优先发展、科技自立自强、人才引领驱动是中国式现代化的必然选择。
5. 我国正进入高质量发展阶段，面临质量变革、效率变革、动力变革的繁重任务，迫切需要教育、科技、人才提供新的动能。",2025习概必备主观题.pdf
S096,主观,第六章 推动高质量发展,习近平经济思想以新发展理念为主要内容的主要内容是什么？,"1. 坚持加强党对经济工作的集中统一领导。
2. 坚持以人民为中心的发展思想。
3. 坚持适应把握引领经济发展新常态。
4. 坚持使市场在资源配置中起决定性作用，更好发挥政府作用。
5. 坚持适应我国经济发展主要矛盾变化完善宏观调控。
6. 坚持问题导向部署经济发展新战略。
7. 坚持正确工作策略和方法。",2025习概必备主观题.pdf
S097,主观,第六章 推动高质量发展,党中央对世界重要人才中心和创新高地的发展目标是什么？,"1. 到 2025 年，全社会研发经费投入大幅增长，科技创新主力军队伍建设取得重要进展，顶尖科学家集聚水平明显提高，人才自主培养能力不断增强，在关键核心技术领域拥有一大批战略科技人才、一流科技领军人才和创新团队。
2. 到 2030 年，适应高质量发展的人才制度体系基本形成，创新人才自主培养能力显著提升，对世界优秀人才的吸引力明显增强，在主要科技领域有一批领跑者，在新兴前沿交叉领域有一批开拓者。
3. 到 2035 年，形成我国在诸多领域人才竞争比较优势，国家战略科技力量和高水平人才队伍位居世界前列。",2025习概必备主观题.pdf
S098,主观,第六章 推动高质量发展,区域协调发展总的思路（如何促进区域协调发展）是什么？,"区域协调发展，总的思路是：按照客观经济规律调整完善区域政策体系，发挥各地区比较优势，促进各类要素合理流动和高效集聚，增强创新发展动力，加快构建高质量发展的动力系统，增强中心城市和城市群等经济发展优势区域的经济和人口承载能力，增强其他地区在保障粮食安全、生态安全、边疆安全等方面的功能，形成主体功能明显、优势互补、高质量发展的区域经济布局。
1. 要深入实施区域协调发展战略、区域重大战略、主体功能区战略。
2. 要推进以人为核心的新型城镇化，加快农业转移人口市民化。",2025习概必备主观题.pdf
S099,主观,第六章 推动高质量发展,如何大力推动构建新发展格局？,"1. 构建新发展格局必须具备强大的国内经济循环体系和稳固的基本盘，保持国内经济持续健康发展，巩固和发展我国经济的强大竞争力。
2. 构建新发展格局必须发挥比较优势，以国内大循环吸引全球资源要素。
3. 构建新发展格局必须保证经济循环的畅通无阻，实现生产、分配、流通、消费各环节有机衔接。
4. 全面建成新发展格局任重道远，必须坚持问题导向和系统观念，着力破除制约加快构建新发展格局的主要矛盾和问题，不断扬优势、补短板、强弱项。着力推动实施扩大内需战略同深化供给侧结构性改革有机结合；着力发展实体经济；着力加快科技自立自强；着力推动产业链供应链优化升级。",2025习概必备主观题.pdf
S100,主观,第六章 推动高质量发展,如何实施科教兴国战略、人才强国战略、创新驱动发展战略？,"1. 实施科教兴国战略，就是要全面落实科学技术是第一生产力的思想，坚持教育优先发展，把科技和教育作为经济社会发展的重中之重，促进教育同经济、科技的密切结合，把经济建设转到依靠科技进步和提高劳动者素质的轨道上来，为实现经济发展提供科技支撑和人才保障。
2. 实施人才强国战略，就是要牢固树立人才资源是第一资源的理念，把人才队伍建设提升到国家战略的高度，营造良好人才创新生态环境，充分发挥各类人才的积极性、主动性和创造性，开创人才辈出、人尽其才的新局面，把我国由人口大国转化为人才资源强国。
3. 实施创新驱动发展战略，就是要坚持创新是第一动力，把创新驱动落实到现代化建设整个进程和各个方面，以创新推动经济转型发展，全面提升创新能力和效率，把创新发展主动权牢牢掌握在自己手中。",2025习概必备主观题.pdf
S101,主观,第六章 推动高质量发展,如何建设教育强国？,"1. 推进教育现代化，教育现代化是由教育大国迈向教育强国的必由之路、是提升我国国民的综合素质的重要路径、是全面实现社会主义现代化的关键支撑。
2. 落实立德树人根本任务。
3. 办好人民满意的教育办好中国特色社会主义教育，必须坚持党对教育工作的全面领导，坚持党的教育方针，坚持社会主义办学方向、必须坚持扎根中国大地办教育。",2025习概必备主观题.pdf
S102,主观,第六章 推动高质量发展,如何建设现代化产业体系？,"现代化产业体系是国家经济现代化的重要标志。加快建设以实体经济为支撑的现代化产业体系，关系我们在未来发展和国际竞争中赢得战略主动。
1. 巩固优势产业领先地位。
2. 大力发展战略性新兴产业。
3. 构建优质高效的服务业新体系。
4. 发展现代流通产业。
5. 加快发展数字经济。
6. 构建现代化基础设施体系。",2025习概必备主观题.pdf
S103,主观,第六章 推动高质量发展,如何打赢关键核心技术攻坚战？,"1. 关键核心技术必须掌握在自己手中。
2. 打赢关键核心技术攻坚战，必须深入推进科技体制改革。
3. 发挥新型举国体制优势开展科技攻关。",2025习概必备主观题.pdf
S104,主观,第六章 推动高质量发展,如何把各方面优秀人才集聚到党和国家事业中来？,"1. 坚持党对人才工作的全面领导是做好人才工作的根本保证。
2. 坚持深化人才发展体制机制改革是做好人才工作的重要保障。
3. 坚持营造识才爱才敬才用才的环境是做好人才工作的社会条件。",2025习概必备主观题.pdf
S105,主观,第六章 推动高质量发展,如何推动高质量发展?,"1. 推动高质量发展，要更好统筹质的有效提升和量的合理增长，始终坚持质量。
1. 
效益优先，以效率变革、动力变革促进质量变革，加快形成可持续的高质量发展体制机制，不断增强经济竞争力、创新力、抗风险能力。
2. 要保持经济社会发展稳定性，坚持稳中求进工作总基调，实行宏观政策要稳、产业政策要准、微观政策要活、改革政策要实、社会政策要托底的政策框架。
3. 以深化供给侧结构性改革为主线，以改革创新为根本动力，把实施扩大内需战略同深化供给侧结构性改革有机结合起来，加快构建新发展格局。",2025习概必备主观题.pdf
S106,主观,第六章 推动高质量发展,如何深入实施新时代人才强国战略？,"人才是国家和民族长远发展大计。
1. 坚持人才引领驱动。
2. 坚持党管人才。
3. 加快建设世界人才中心和创新高地。
4. 走好人才自主培养之路。",2025习概必备主观题.pdf
S107,主观,第六章 推动高质量发展,如何理解以新发展理念引领高质量发展？（论述高质量发展）？,"高质量发展是全面建设社会主义现代化国家的首要任务，是遵循经济规律发展的必然要求。
推动高质量发展，必须以新发展理念为引领,深入推进发展方式、发展动力、发展领域、发展质量变革，实现更高质量、更有效率、更加公平、更可持续、更为安全的发展。
高质量发展，是能够很好满足人民日益增长的美好生活需要的发展，是体现新发展理念的发展，是创新成为第一动力、协调成为内生特点、绿色成为普遍形态、开放成为必由之路、共享成为根本目的的发展。
从供给看，高质量发展要求产业体系比较完整从需求看，高质量发展要求不断满足人民群众新的需求。
从投入产出看，高质量发展要求不断提高全要素生产率。
从分配看，高质量发展要求实现投资有回报、企业有利润、员工有收入、政府有税收，且反映各自按市场评价的贡献。
从宏观经济循环看，高质量发展要求实现生产、分配、流通、消费循环通畅，更明确地说，高质量发展，就是从“有没有”转向“好不好。",2025习概必备主观题.pdf
S108,主观,第六章 推动高质量发展,如何理解加快构建新发展格局的必然性？,"构建以国内大循环为主体、国内国际双循环相互促进的新发展格局，是根据我国发展阶段、发展环境、条件变化，特别是基于我国比较优势变化，审时度势作出的重大决策，是推动高质量发展的战略基点，是关系我国发展全局的重大战略任务加快构建新发展格局是把握未来发展主动权的战略部署，构建新发展格局是事关全局的系统性、深层次变革，是立足当前、着眼长远的战略谋划，是适应我国发展新阶段要求、塑造国际合作和竞争新优势的必然选择。
构建新发展格局是把握未来发展主动权的先手棋，不是被迫之举和权宜之计。加快构建新发展格局，就是要在各种可以预见和难以预见的狂风暴雨、惊涛骇浪中，增强我们的生存力、竞争力、发展力、持续力，确保中华民族伟大复兴进程不被迟滞甚至中断。
第七章社会主义现代化建设的教育、科技、人才战略。",2025习概必备主观题.pdf
S109,主观,第六章 推动高质量发展,如何理解我国社会主义基本经济制度的新概括及其重大意义？,"党的十八大以来，以习近平同志为核心的党中央着眼于更好发挥社会主义制度优越性、推动高质量发展，对社会主义基本经济制度作出新概括，将公有制为主体、多种所有制经济共同发展，按劳分配为主体、多种分配方式并存，社会主义市场经济体制等共同作为社会主义基本经济制度。
这一基本经济制度，既体现了社会主义制度优越性，又同我国社会主义初级阶段社会生产力发展水平相适应，是党和人民的伟大创造。
社会主义基本经济制度的新概括，充分体现了我们党对我国经济发展规律的深刻认识和科学把握。
这一新概括，包括所有制、分配制度、资源配置体制机制等方面，反映了我国社会主义经济活动的主要方面、主要过程，是相互联系、相互支持、相互促进的内在统一整体。",2025习概必备主观题.pdf
S110,主观,第六章 推动高质量发展,建设现代化经济体系内容的主要内容是什么？,"1. 建设现代化经济体系，就要建设创新引领、协同发展的产业体系。
2. 建设统一开放、竞争有序的市场体系。
3. 建设体现效率、促进公平的收入分配体系。
4. 建设彰显优势、协调联动的城乡区域发展体系。
5. 建设资源节约、环境友好的绿色发展体系。
6. 建设多元平衡、安全高效的全面开放体系。
7. 建设充分发挥市场作用、更好发挥政府作用的经济体制。",2025习概必备主观题.pdf
S111,主观,第六章 推动高质量发展,推动高质量发展的必要性（战略意义）是什么？,"1. 高质量发展为全面建设社会主义现代化国家提供更为坚实的物质基础。
2. 高质量发展是不断满足人民对美好生活需要的重要保证。
3. 高质量发展是维护国家长治久安的必然要求。
4. 是推动现代化建设行稳致远的重要保障。
5. 高质量发展是适应我国社会主要矛盾变化的必然要求。
6. 高质量发展是遵循经济发展规律的必然要求。",2025习概必备主观题.pdf
S112,主观,第六章 推动高质量发展,新发展理念新发展理念是新时代我国经济发展的指导原则是什么？,"1. 创新是引领发展的第一动力，创新发展注重的是解决发展动力问题，必须坚持创新在我国现代化建设全局中的核心地位。
2. 协调是持续健康发展的内在要求，协调发展注重的是解决发展不平衡问题，必须正确处理局部和全局、当前和长远、重点和非重点的关系，在发展中促进相对平衡，不断增强发展的整体性。
3. 绿色是永续发展的必要条件和人民对美好生活追求的重要体现，绿色发展注重的是解决人与自然和谐共生问题，必须实现经济社会发展和生态环境保护协同共进，加快发展方式绿色转型，推动形成绿色低碳的生产方式和生活方式。
4. 开放是国家繁荣发展的必由之路，开放发展注重的是解决发展内外联动问题，必须推动形成更大范围、更宽领域、更深层次对外开放格局，不断增强我国国际经济合作和竞争新优势。
5. 共享是中国特色社会主义的本质要求，共享发展注重的是解决社会公平正义问题，必须坚持全民共享、全面共享、共建共享、渐进共享，不断推进全体人民共同富裕。",2025习概必备主观题.pdf
S113,主观,第六章 推动高质量发展,新发展阶段全面建成小康社会、实现第一个百年奋斗目标之后，我们要乘势而上开启全面建设社会主义现代化国家新征程、向第二个百年奋斗目标进军，这标志着我国进入了一个新发展阶段。,"1. 新发展阶段是我国社会主义初级阶段历史进程中的一个重要阶段。
2. 是中国共产党带领人民迎来从站起来、富起来到强起来历史性跨越的新阶段。
3. 是全面建设社会主义现代化国家。
4. 是向第二个百年奋斗目标进军的重要阶段。
5. 是夺取中华民族伟大复兴中国梦的阶段。
6. 就是 2020 至本世纪中叶。",2025习概必备主观题.pdf
S114,主观,第六章 推动高质量发展,社会主义基本经济制度是什么？,"1. 公有制为主体、多种所有制经济共同发展。
2. 按劳分配为主体、多种分配方式并存。
3. 社会主义市场经济体制等共同作为社会主义基本经济制度这一基本经济制度，既体现了社会主义制度优越性，又同我国社会主义初级阶段社会生产力发展水平相适应，是党和人民的伟大创造。",2025习概必备主观题.pdf
S115,主观,第十一章,为什么全球生态治理要坚持共同但有区别的责任原则？,"坚持共同但有区别的责任原则。发达国家和发展中国家处于不同发展阶段，在环境问题上的历史责任和现实能力存在差异。必须充分考虑历史责任，各国国情和生态治理能力，坚持各尽所能，国家自主决定贡献的制度安排。
必须充分肯定发展中国家应对气候变化所作的贡献，照顾其特殊困难和关切。发达国家应该主动承担历史责任，为发展中国家提供资金，技术，能力建设等方面支持，切实帮助发展中国家提高生态治理的能力。",习近平新时代中国特色社会主义思想概论提纲.docx
S116,主观,第十一章,为什么坚持共建共治共享？,"坚持共建共治共享，保障全体人民参与社会建设，社会治理的权利，维护全体人民享有社会治理成果的权益，是完善社会治理必须始终遵循的重要理念。
共建是共同参与社会建设，要求突出制度和体系建设的基础性，战略性地位，是社会治理的基础。
共治是共同参与社会治理，要求树立大社会观，大治理观，打造全民参与的开放治理体系，是社会治理的关键。
共享是共同享有社会治理成果，要求社会治理的成效更多更公平惠及全体人民，是社会治理的目标。",习近平新时代中国特色社会主义思想概论提纲.docx
S117,主观,第十一章,为什么说绿水青山就是金山银山？,"生态环境问题归根到底是经济发展方式和生活方式问题表面上看，生态环境保护和经济发展是矛盾对立的关系，是鱼和熊掌不可兼得的两难选择。但从根本上讲，两者是辩证统一、相辅相成的关系，发展经济不能对资源和生态环境竭泽而渔，生态环境保护也不是舍弃经济发展而缘木求鱼，而是要坚持在发展中保护、在保护中发展。
绿水青山既是自然财富、生态财富，又是社会财富、经济财富。
处理好绿水青山和金山银山的关系，关键在人，关键在思路。",习近平新时代中国特色社会主义思想概论提纲.docx
S118,主观,第十一章,如何共建清洁美丽世界？,"【参考答案】。
建设人与自然和谐共生的地球家园，要顺应世界各国人民对美好生态环境的需要，以绿色转型为驱动，坚持多边主义，推动全球环境治理体系更加公平合理，携手共建清洁美丽世界。
1. 坚持以人为本。加强各国人民合作，推动各国人民共同参与环境治理，让生态环保思想成为社会生活中的主流文化，使生态文明建设的成果持续造福全人类。
2. 坚持科学治理。加深对自然规律的认识并用以指导行动，以创新为驱动，大力推进经济、能源、产业结构转型升级。
3. 坚持多边主义。打造多元共治的全球生态治理体系。
4. 坚持共同但有区别的责任原则。",习近平新时代中国特色社会主义思想概论提纲.docx
S119,主观,第十一章,如何坚持在发展中增进民生福祉？,"发展是解决民生问题的“总钥匙”，是物质基础；民生是发展的“指南针”。抓民生也是抓发展，持续不断改善民生，能够有效解决群众后顾之忧，调动人们发展生产的积极性，增进社会消费预期，利于扩大内需，催生新的增长点。要全面把握民生和发展相互牵动、互为条件的关系，形成改善民生与促进发展有机统一的长效机制。
1. 坚守底线、突出重点、完善制度、引导预期，是保障和改善民生的工作思路。
2. 解决人民群众最关心最直接最现实的利益问题，是保障和改善民生的重中之重。
3. 坚持尽力而为、量力而行，是保障和改善民生的重要方针。
4. 坚持人人尽责、人人享有，让所有劳动者在推动发展中分享发展成果，是保障和改善民生的重要原则。",习近平新时代中国特色社会主义思想概论提纲.docx
S120,主观,第十一章,如何完善社会治理体系？,"【参考答案】。
1. 理念是完善社会治理体系的先导，必须坚持共建共治共享的社会治理理念。
2. 制度是完善社会治理体系的保障，必须健全社会治理制度，提升社会治理效能。
3. 方式方法是完善社会治理体系的重要内容，必须不断创新社会治理方式、途径和手段。
十二章。",习近平新时代中国特色社会主义思想概论提纲.docx
S121,主观,第十一章,如何理解民生的重要性？,全面建成社会主义现代化国家，出发点和落脚点是让人民生活越过越好。习近平指出，以人民为中心是我们党的根本执政理念，让人民生活幸福是“国之大者”。要把增进民生福祉作为发展的根本目的，扎实推进各项民生事业，是改革发展成果更多更公平惠及全体人民。,习近平新时代中国特色社会主义思想概论提纲.docx
S122,主观,第十一章,如何理解让人民生活幸福是“国之大者”？,"全面建设社会主义现代化国家，出发点和落脚点是让人民生活越过越好。要把增进民生福祉作为发展的根本目的，扎实推进各项民生事业，使改革发展成果更多更公平惠及全体人民。
1. 增进民生福祉是坚持立党为公、执政为民的本质要求。
2. 增进民生福祉是社会主义生产的根本目的。
3. 增进民生福祉是全面建设社会主义现代化国家的应有之义。",习近平新时代中国特色社会主义思想概论提纲.docx
S123,主观,第十一章,新时代如何加强和创新社会治理？,"【参考答案】。
加强和创新社会治理，就是要在党的领导下，以政府为主导，以社会多元主体参与为基础，以维护人民群众根本利益为核心，通过合作、对话、协商、沟通等方式，依法对社会事务、社会组织和社会生活进行引导和规范，协调社会利益，化解社会矛盾，促进社会公平，推动社会稳定有序发展。
党的十八届三中全会提出创新社会治理体制，从“社会管理”到“社会治理”，虽然只是一字之差，却意味着社会建设理念、体制和方式的重大变革。
新时代加强和创新社会治理，要求坚持系统治理、依法治理、综合治理、源头治理，探索一条符合中国社会发展实际、更可持续的中国特色社会主义社会治理之路。",习近平新时代中国特色社会主义思想概论提纲.docx
S124,主观,第十一章,新时代民生建设取得了哪些成就是什么？,"打赢脱贫攻坚战，消除绝对贫困，是全面建成小康社会的底线任务，是必须抓好的第一民生工程。
聚焦民生重点领域，在收入分配、就业、教育、社会保障、医疗卫生、住房保障等方面推出一系列重大举措，推动人民生活全方位改善。
经过接续奋斗，我国社会建设全面加强，幼有所育、学有所教、劳有所得、病有所医、老有所养、住有所居，弱有所扶得到更好实现，人民安居乐业、社会安定有序的良好局面不断巩固发展，人民对美好生活的向往不断变为现实。",习近平新时代中国特色社会主义思想概论提纲.docx
S125,主观,第十一章 以保障和改善民生为重点加强社会建设,为什么在推进社会治理现代化过程中要坚持共建共治共享?,"1. 坚持共建共治共享，保障全体人民参与社会建设、社会治理的权利，维护全体人民享有社会治理成果的权益，是完善社会治理必须始终遵循的重要理念。
2. 共建是共同参与社会建设，要求突出制度和体系建设的基础性、战略性地位，是社会治理的基础。
3. 共治是共同参与社会治理，要求树立大社会观、大治理观，打造全民参与的开放治理体系，是社会治理的关键。
4. 共享是共同享有社会治理成果，要求社会治理的成效更多更公平惠及全体人民，是社会治理的目标。
要坚持问题导向，把专项治理和系统治理、依法治理、综合治理、源头治理结合起来，建设人人有责、人人尽责、人人享有的社会治理共同体，确保社会治理过程人民参与、成效人民评判、成果人民共享。",2025习概必备主观题.pdf
S126,主观,第十一章 以保障和改善民生为重点加强社会建设,如何不断提高人民生活品质？,"1. 完善分配制度。收入分配是民生之源，是改善民生、实现发展成果由人民共享最重要最直接的方式。进一步优化收入分配结构，构建初次分配、再分配、第三次分配协调配套的制度体系。
2. 实施就业优先战略。就业是最基本的民生，是劳动者赖以生存和发展的基础、共享经济发展成果的基本条件，关系到亿万劳动者及其家庭的切身利益。解决好就业问题，是民生改善的“温度计”，对国家长治久安具有重要支撑作用。
3. 健全社会保障体系。要全面深化社会保障制度改革，完善覆盖全民、统筹城乡、公平统一、安全规范、可持续的多层次社会保障体系。
4. 推进健康中国建设。人民健康是社会文明进步的基础，是民族昌盛和国家富强的重要标志，是促进人的全面发展的必然要求。",2025习概必备主观题.pdf
S127,主观,第十一章 以保障和改善民生为重点加强社会建设,如何推进社会治理现代化要不断创新社会治理的理念思路、体制机制和方法手段，打造共建共治共享的社会治理新格局。,"1. 加强和创新社会治理。新时代加强和创新社会治理，要求坚持系统治理、依法治理、综合治理、源头治理。
2. 完善社会治理体系。必须坚持共建共治共享的社会治理理念。
3. 加强城乡社区治理。基层治理是国家治理的基石，城乡社区是社会治理最基本的单元，是党和政府联系、服务居民群众的“最后一公里”。社会治理的重心必须向基层下移，落实到城乡社区。",2025习概必备主观题.pdf
S128,主观,第十一章 以保障和改善民生为重点加强社会建设,如何理解让人民生活幸福是“国之大者”？,"1. 全面建设社会主义现代化国家，出发点和落脚点是让人民生活越过越好。民生是人民幸福之基。
2. 增进民生福祉是坚持立党为公、执政为民的本质要求。
3. 增进民生福祉是社会主义生产的根本目的。
4. 增进民生福祉是全面建设社会主义现代化国家的应有之义。",2025习概必备主观题.pdf
S129,主观,第十一章 以保障和改善民生为重点加强社会建设,提高人民生活品质着重从哪些方面入手（如何坚持在发展中增进民生福祉？）是什么？,"发展是解决民生问题的“总钥匙”，民生是发展的“指南针”。
1. 正确把握民生和发展的关系，是保障和改善民生的重要前提。
2. 坚守底线、突出重点、完善制度、引导预期，是保障和改善民生的工作思路。
3. 解决人民群众最关心最直接最现实的利益问题，是保障和改善民生的重中之重。
4. 坚持尽力而为、量力而行，是保障和改善民生的重要方针。
5. 坚持人人尽责、人人享有，让所有劳动者在推动发展中分享发展成果，是保障和改善民生的重要原则。",2025习概必备主观题.pdf
S130,主观,第十三章,为什么要以新安全格局保障新发展格局？,"发展和安全是两件大事。发展解决的是动力问题，是推动国家和民族赓续绵延的根本支撑；安全解决的是保障问题，是确保国家和民族行稳致远的坚强柱石。
发展具有基础性，根本性，是解决安全问题的总钥匙，发展就是最大的安全。
安全是发展的条件和保障，没有国家安全，发展只能是""镜花水月""，取得的成果也可能毁于一旦。",习近平新时代中国特色社会主义思想概论提纲.docx
S131,主观,第十三章,如何全面理解和把握我国国家安全形势的新变化？,"1. 五大要素：以人民安全为宗旨；以政治安全为根本；以经济安全为基础；以军事、文化、社会安全为保障；以促进国际安全为依托。
2. 五个统筹：外部安全和内部安全；国土安全和国民安全；传统安全和非传统安全；自身安全和共同安全；维护国家安全和塑造国家安全。",习近平新时代中国特色社会主义思想概论提纲.docx
S132,主观,第十三章,如何理解“统筹发展和安全”？,"统筹发展和安全，是党和国家的一项基础性工作，是我们党治国理政的一个重大原则。
1. 发展和安全是两件大事。发展解决的是动力问题，是推动国家和民族康续绵延的根本支撑；安全解决的是保障问题，是确保国家和民族行稳致远的坚强柱石。发展具有基础性、根本性，是解决安全问题的总钥匙，发展就是最大的安全。安全是发展的条件和保障。
2. 以新安全格局保障新发展格局。必须统筹维护国家安全各类要素、各个领域、各方资源、各种手段，主动塑造于我有利的外部安全环境，推动发展和安全深度融合，实现高质量发展和高水平安全的良性互动。",习近平新时代中国特色社会主义思想概论提纲.docx
S133,主观,第十三章,如何理解必须把维护政治安全作为应对各领域安全风险挑战的首要任务？,"政治安全是国家安全的根本。没有政治安全的保障，其他领域的安全就无从谈起，其他领域的安全问题最终也会反映到维护政治安全上来。政治安全与人民安全、国家利益至上是有机统一的。
1. 维护政权安全，就是要毫不动摇坚持和巩固党的领导和长期执政地位。
2. 维护制度安全，就是要毫不动摇坚持和完善中国特色社会主义制度。
3. 维护意识形态安全，就是要毫不动摇坚持和巩固马克思主义在意识形态领域的指导地位，不断巩固全党全国人民团结奋斗的共同思想基础。",习近平新时代中国特色社会主义思想概论提纲.docx
S134,主观,第十三章,如何认识我国国家安全形势的新变化？,"进入新时代，我国面临更为严峻复杂的国家安全形势，特别是各种威胁和挑战联动效应凸显。
从外部环境来看，世界战略格局，全球治理体系，综合国力竞争进入深度变迁的历史进程，气候变化，粮食安全，能源安全等全球性问题日趋尖锐复杂，地区热点和局部冲突此起彼伏，国际局势变得更加复杂动荡，和平与发展的时代主题面临严峻挑战。
从内部环境来看，重点领域关键环节改革任务仍然艰巨，科技创新能力存在卡点瓶颈，粮食，能源，资源，金融和产业链供应链安全面临重大考验，意识形态领域存在不少挑战，重点领域风险敞口加大。
风险呈现形态更加复杂，既有显性风险又有隐性风险，既有周期性风险又有结构性风险，既有可以预料的风险又有难以预料的风险，既有""黑天""事件又有""灰犀牛""事件，而且各类风险成因多样，彼此交织。",习近平新时代中国特色社会主义思想概论提纲.docx
S135,主观,第十三章,总体国家安全观的基本内涵是什么？,"①总体国家安全观以人民安全为宗旨。
②以政治安全为根本。
③以经济安全为基础。
④以军事、科技、文化、社会安全为保障。
⑤以促进国际安全为依托。
2. 总体国家安全观的关键是“总体”。
①强调“大安全”理念，涵盖诸多领域，而且将随着社会发展不断动态调整。
②强调做好国家安全工作的系统思维和方法，加强科学统筹。
③强调维护国家安全要贯穿党和国家工作各方面全过程，必须把安全和发展置于同等重要地位，同步决策部署，同样积极落实。
④强调打总体战，形成汇聚党政军民学各战线各方面各层级的强大合力，全社会、全政府、全体系、全手段应对重大国家安全风险挑战。",习近平新时代中国特色社会主义思想概论提纲.docx
S136,主观,第十三章,推进国家安全体系和能力现代化是——新时代维护国家安全的迫切要求是什么？,"推进国家治理体系和治理能力现代化的重要工程必须坚持以改革创新为动力，全面构建体系完备、科学规范、运行有效的国家安全制度体系，切实增强维护和塑造国家安全的能力健全完善国家安全体系、增强维护国家安全能力。
2. 建设更高水平的平安中国努力建设治理效能更强的平安中国努力建设安全稳定局面更巩固的平安中国努力建设人民更满意的平安中国。
3. 提高防范化解重大风险能力坚持底线思维和极限思维下好先手棋、打好主动仗运用制度威力应对风险挑战的冲击。",习近平新时代中国特色社会主义思想概论提纲.docx
S137,主观,第十三章 维护和塑造国家安全,为什么把维护政治安全放在维护国家安全的首要位置？,"构建统筹各领域安全的新安全格局，必须把维护政治安全作为应对各领域安全风险挑战的首要任务。
1. 政治安全是国家安全的根本。
2. 政治安全涉及国家主权、政权、制度和意识形态的稳固，是一个国家最根本的需求，是一切国家生存和发展的基础条件。
3. 政治安全决定和影响着国家的经济安全、军事安全、社会安全等各个领域的安全。
4. 形象地说，在国家安全这一肌体中，政治安全是心脏，心脏停止了跳动，再强壮的肌体也会失去生机。
5. 没有政治安全的保障，其他领域的安全就无从谈起，其他领域的安全问题最终也会反映到维护政治安全上来。",2025习概必备主观题.pdf
S138,主观,第十三章 维护和塑造国家安全,为什么说统筹发展和安全是我们党治国理政的一个重大原则？,"统筹发展和安全，是党和国家的一项基础性工作，是我们党治国理政的一个重大原则。
发展和安全是两件大事。
1. 发展解决的是动力问题，是推动国家和民族康续绵延的根本支撑。
2. 安全解决的是保障问题，是确保国家和民族行稳致远的坚强柱石。
3. 发展具有基础性、根本性，是解决安全问题的总钥匙，发展就是最大的安全。
4. 安全是发展的条件和保障，没有国家安全，发展只能是“镜花水月”，取得的成果也可能毁于一旦。
5. 发展和安全是一体之两翼、驱动之双轮，必须同步推进。要坚持发展和安全并重，把国家安全同经济社会发展一起谋划、一起部署，既善于运⽤发展成果夯实国家安全的实⼒基础，又善于塑造有利于经济社会发展的安全环境，以发展促安全、以安全保发展，努⼒建久安之势、成长治之业。牢牢守住安全发展这条底线是构建新发展格局的重要前提和保障。",2025习概必备主观题.pdf
S139,主观,第十三章 维护和塑造国家安全,如何做好国家安全工作？,"强调做好国家安全工作的系统思维和方法，加强科学统筹。
1. 做到统筹外部安全和内部安全。
2. 国土安全和国民安全。
3. 传统安全和非传统安全。
4. 自身安全和共同安全。
5. 统筹维护国家安全和塑造国家安全，着力解决国家安全工作不平衡不充分的问题。
6. 强调维护国家安全要贯穿党和国家工作各方面全过程，必须把安全和发展置于同等重要地位。
7. 强调打总体战，形成汇聚党政军民学各战线各方面各层级的强大合力，全社会全政府全体系全手段应对重大国家安全风险挑战。",2025习概必备主观题.pdf
S140,主观,第十三章 维护和塑造国家安全,如何建设更高水平的平安中国？,"1. 要准确把握平安中国建设面临的新形势新任务，全面提升平安中国建设科学化、社会化、法治化、智能化水平，努力建设治理效能更强、安全稳定局面更巩固、人民更满意的平安中国。
2. 努力建设治理效能更强的平安中国。
3. 努力建设安全稳定局面更巩固的平安中国。
4. 努力建设人民更满意的平安中国。",2025习概必备主观题.pdf
S141,主观,第十三章 维护和塑造国家安全,如何提高防范化解重大风险能力？,"1. 坚持底线思维和极限思维，从最坏处着眼，做最充分的准备，朝好的方向努力，争取最好的结果。
2. 下好先手棋、打好主动仗，力争把风险化解在源头。
3. 运用制度威力应对风险挑战的冲击。",2025习概必备主观题.pdf
S142,主观,第十三章 维护和塑造国家安全,如何构建各领域安全的新安全格局？,"1. 统筹发展和安全发展解决的是动力问题，是推动国家和民族康续绵延的根本支撑；安全解决的是保障问题，是确保国家和民族行稳致远的坚强柱石。
2. 把维护政治安全放在首要位置构建统筹各领域安全的新安全格局，必须把维护政治安全作为应对各领域安全风险挑战的首要任务。政治安全是国家安全的根本。
维护政权安全，就是要毫不动摇坚持和巩固党的领导和长期执政地位。
维护制度安全，就是要毫不动摇坚持和完善中国特色社会主义制度。
维护意识形态安全，就是要毫不动摇坚持和巩固马克思主义在意识形态领域的指导地位，不断巩固全党全国人民团结奋斗的共同思想基础。
3. 统筹推进各重点领域国家安全工作维护国土安全。维护经济安全。维护社会安全。维护网络、人工智能、数据安全。维护生物安全和公共卫生安全。维护外部安全。",2025习概必备主观题.pdf
S143,主观,第十三章 维护和塑造国家安全,如何理解总体国家安全观的丰富内涵？,"1. 总体国家安全观以人民安全为宗旨，坚持国家安全一切为了人民、一切依靠人民，始终把保护人民安全放在最重要的位置。
2. 以政治安全为根本，坚持把政治安全放在首要位置，完善政治安全工作体系，提高防范化解政治安全风险的能力和水平，实现政治安全、人民安全、国家利益至上有机统一。
3. 以经济安全为基础，加强经济安全风险预警、防控机制和能力建设，实现重要产业、基础设施、战略资源、重大科技等关键领域安全可控。
4. 以军事、科技、文化、社会安全为保障，积极适应军事、科技、文化、社会领域面临的新情况新问题，遵循不同领域的特点规律，建立完善强基固本、化险为夷的各项对策措施，为维护国家安全提供硬实力和软实力保障。
5. 以促进国际安全为依托，推动树立共同、综合、合作、可持续的全球安全观，加强国际安全合作，完善全球安全治理体系，共同构建普遍安全的人类命运共同体，积极营造我国现代化建设的良好外部安全环境。",2025习概必备主观题.pdf
S144,主观,第十三章 维护和塑造国家安全,如何认识新时代我国国家安全形势的新变化？,"1. 进入新时代，我国面临更为严峻复杂的国家安全形势，特别是各种威胁和挑战联动效应凸显。
2. 当前我国国家安全内涵和外延比历史上任何时候都要丰富，时空领域比历史上任何时候都要宽广，内外因素比历史上任何时候都要复杂。
3. 从外部环境来看，世界战略格局、全球治理体系、综合国力竞争进入深度变迁的历史进程，气候变化、粮食安全、能源安全等全球性问题日趋尖锐复杂，地区热点和局部冲突此起彼伏，国际局势变得更加复杂动荡，和平与发展的时代主题面临严峻挑战。
4. 从内部环境来看，重点领域关键环节改革任务仍然艰巨，科技创新能力存在卡点瓶颈，粮食、能源、资源、金融和产业链供应链安全面临重大考验，意识形态领域存在不少挑战，重点领域风险敞口加大。
5. 总的来看，各种风险关联度高、传导快、共振强，一定条件下很容易演化升级，使小风险演变成大风险、局部风险演变成系统风险、经济社会风险演变成政治风险、国际风险演变成国内风险。",2025习概必备主观题.pdf
S145,主观,第十三章 维护和塑造国家安全,怎么构建统筹各领域安全的新安全格局构建统筹各领域安全的新安全格局？,"1. 必须把维护政治安全作为应对各领域安全风险挑战的首要任务。
2. 维护政权安全，就是要毫不动摇坚持和巩固党的领导和长期执政地位。
2. 维护制度安全，就是要毫不动摇坚持和完善中国特色社会主义制度。
3. 维护意识形态安全，就是要毫不动摇坚持和巩固马克思主义在意识形态领域的指导地位，不断巩固全党全国人民团结奋斗的共同思想基础。
政治安全与人民安全、国家利益至上是有机统一的。要把政治安全、人民安全、国家利益至上三者统一起来，确保实现党的长期执政、人民安居乐业、国家长治久安。",2025习概必备主观题.pdf
S146,主观,第十三章 维护和塑造国家安全,总体国家安全观的主要内容的主要内容是什么？,"1. 坚持党对国家安全工作的绝对领导。
2. 坚持中国特色国家安全道路。
3. 坚持以人民安全为宗旨。
4. 坚持统筹发展和安全。
5. 坚持把政治安全放在首要位置。
6. 坚持统筹推进各领域安全。
7. 坚持把防范化解国家安全风险摆在突出位置。
8. 坚持推进国际共同安全。
9. 坚持推进国家安全体系和能力现代化。
10. 坚持加强国家安全干部队伍建设。",2025习概必备主观题.pdf
S147,主观,第十三章 维护和塑造国家安全,新时代国家安全得到全面加强的表现是什么？,"1. 党对国家安全工作的领导更加有力。
2. 国家安全体系和能力建设取得突破性进展。
3. 国家主权、安全、发展利益得到全面维护。
4. 平安中国建设迈向更高水平。
5. 维护国家安全的民心基础更加巩固。",2025习概必备主观题.pdf
S148,主观,第十三章 维护和塑造国家安全,有人说“发展的时候不用太注意安全，把经济发展上去就行”，请辨析。,这个观点是错误的。发展和安全是辩证统一的关系，不是先后割裂的关系。发展和安全是一体之两翼、驱动之双轮，必须同步推进。安全是发展的前提，发展是安全的保障；没有国家安全，经济社会发展难以持续，已有成果也可能失去。应坚持总体国家安全观，把国家安全同经济社会发展一起谋划、一起部署，既通过高质量发展夯实安全基础，又以高水平安全保障高质量发展。,确认补充题
S149,主观,第十三章 维护和塑造国家安全,要维护哪些重点领域国家安全是什么？,"1. 维护国土安全。
2. 维护经济安全。
3. 维护社会安全。
4. 维护网络、人工智能、数据安全。
5. 维护生物安全和公共卫生安全。
6. 维护外部安全。",2025习概必备主观题.pdf
S150,主观,第十二章 建设社会主义生态文明,中国为全球环境治理作出了哪些重贡献？,"1. 积极参与全球气候治理。
中国重信守诺，已经将应对气候变化全面融入国家经济社会发展战略，实施一系列应对气候变化的战略、措施和行动，倡议各方携手应对气候变化挑战，努力推动构建公平合理、合作共赢的全球气候治理体系。提前完成 2020 年应对气候变化和设立自然保护区相关目标，人工林面积居全球。
1. 是对全球臭氧层保护贡献最大的国家。
2. 积极推进全球生物多样性治理中国成功承办联合国《生物多样性公约》第十五次缔约方大会，推动国际社会达成“昆明一蒙特利尔全球生物多样性框架”等一揽子具有里程碑意义的成果，为全球生物多样性治理确定了目标、明确了途径。
3. 积极打造绿色“一带一路”。
“一带一路”是一条绿色发展之路，通过建设更紧密的绿色发展伙伴关系，完善“一带一路”绿色发展国际联盟，把支持联合国 2030 年可持续发展议程融入共建“一带一路”。
5. 行而不辍，未来可期。",2025习概必备主观题.pdf
S151,主观,第十二章 建设社会主义生态文明,习近平生态文明思想的主要内容的主要内容是什么？,"1. 坚持党对生态文明建设的全面领导。
2. 坚持生态兴则文明兴。
3. 坚持人与自然和谐共生。
4. 坚持绿水青山就是金山银山。
5. 坚持良好生态环境是最普惠的民生福祉。
6. 坚持绿色发展是发展观的深刻革命。
7. 坚持统筹山水林田湖草沙系统治理。
8. 坚持用最严格制度最严密法治保护生态环境。
9. 坚持把建设美丽中国转化为全体人民自觉行动。
10. 坚持共谋全球生态文明建设之路。",2025习概必备主观题.pdf
S152,主观,第十二章 建设社会主义生态文明,全球环境治理的中国方案建设绿色家园是人类的共同梦想，也是各国人民的共同期盼。面对生态环境挑战，人类是一荣俱荣、一损俱损的命运共同体，任何一国想单打独斗都无法解决。,"中国致力于推动共建地球生命共同体，积极参与全球环境治理，是全球生态文明建设的重要参与者、贡献者、引领者。
1. 保护人类共同家园，地球是全人类赖以生存的唯一家园，珍爱和呵护地球是人类的唯一选择。
2. 共建清洁美丽世界，坚持以人为本，坚持科学治理，坚持多边主义，坚持共同但有区别的责任原则。",2025习概必备主观题.pdf
S153,主观,第十二章 建设社会主义生态文明,如何加快形成绿色生产方式和生活方式？,要把绿色低碳发展作为解决生态环境问题的治本之策，厚植高质量发展的绿色底色。生产方面，加快推动产业结构、能源结构、交通运输结构调整优化，发展绿色低碳循环经济，推进资源节约集约利用，稳妥推进碳达峰碳中和，健全绿色发展的政策和制度保障。生活方面，倡导简约适度、绿色低碳、文明健康的生活方式，推动绿色消费、低碳出行、垃圾分类、节约能源资源，使建设美丽中国转化为全体人民自觉行动。,确认补充题
S154,主观,第十二章 建设社会主义生态文明,如何理解“生态兴则文明兴”？,"1. 自然是生命之母，人与自然是生命共同体。
2. 生态环境变化直接影响文明的兴衰演替。
3. 生态文明是人类文明发展的历史趋势。
4. 中华民族向来尊重自然、热爱自然，绵延 5000 多年中华文明孕育着丰富生态文化。",2025习概必备主观题.pdf
S155,主观,第十二章 建设社会主义生态文明,建设美丽中国的主要任务（如何建设美丽中国）是什么？,"建设美丽中国，是全面建设社会主义现代化国家的重要目标。
1. 加快形成绿色生产方式和生活方式。
1. 加快推动产业结构、能源结构、交通运输结构等调整优化。
2. 推进各类资源节约集约利用。
3. 积极稳妥推进碳达峰碳中和。
4. 健全绿色发展的保障体系。
2. 坚持山水林田湖草沙一体化保护和系统治理。
1. 山水林田湖草沙是一个生命共同体，是不可分割的生态系统。
2. 加快实施重要生态系统保护和修复重大工程。
3. 推进自然保护地体系建设。
4. 科学推进荒漠化、石漠化、水土流失综合治理，持续开展大规模国土绿化行动。
5. 实施生物多样性保护重大工程。
6. 推行草原森林河流湖泊湿地休养生息。
3. 用最严格制度最严密法治保护生态环境。
1. 保护生态环境必须依靠制度、依靠法治。
2. 实行最严格的生态环境保护制度。
3. 全面建立资源高效利用制度。
4. 严明生态环境保护责任制度。
5. 制度的生命力在于执行，关键在真抓，靠的是严管。",2025习概必备主观题.pdf
S156,主观,第十二章 建设社会主义生态文明,怎样加快发展方式绿色转型？,"要加快推动发展方式绿色低碳转型，坚持把绿色低碳发展作为解决生态环境问题的治本之策，加快形成绿色生产方式和生活方式，厚植高质量发展的绿色底色。
1. 加快推动产业结构、能源结构、交通运输结构等调整优化。
2. 推进各类资源节约集约利用。
3. 积极稳妥推进碳达峰碳中和。
4. 健全绿色发展的保障体系。
5. 坚持把建设美丽中国转化为全体人民自觉行动。",2025习概必备主观题.pdf
S157,主观,第十二章 建设社会主义生态文明,绿水青山就是金山银山的科学内涵是什么？,"1. 绿水青山就是金山银山这一理念，阐明了经济发展与生态环境保护之间的关系，揭示了保护生态环境就是保护生产力、改善生态环境就是发展生产力的道理，指明了实现发展和保护协同共生的新路径。
2. 绿水青山既是自然财富、生态财富，又是社会财富、经济财富。
3. 表面上看，生态环境保护和经济发展是矛盾对立的关系，是鱼和熊掌不可兼得的两难选择。但从根本上讲，二者是辩证统一、相辅相成的关系。
4. 实践证明，经济发展不能以破坏生态为代价，不能把生态环境保护和经济发展割裂开来，更不能对立起来。发展是硬道理，但绝不能不考虑或者很少考虑环境的承载能力，绝不能一味索取资源。",2025习概必备主观题.pdf
S158,主观,第十四章,为什么要巩固提高一体化国家战略体系和能力？,"随着科学技术快速发展，国家战略竞争力，社会生产力，军队战斗力的耦合关联越来越紧，必须把国防和军队现代化融入国家现代化，把国防和军队建设融人经济社会发展大体系，在国家总体战略中统一富国和强军两大目标，统筹发展和安全两件大事，统合经济和国防两种实力，系统提升我国应对战略风险，维护战略利益，实现战略目的的整体实力。
巩固提高一体化国家战略体系和能力，关键是要在一体化上下功夫，实现国家战略能力最大化。
军政军民团结是实现富国和强军相统一的重要政治保障。",习近平新时代中国特色社会主义思想概论提纲.docx
S159,主观,第十四章,为什么说”强国必须强军，军强才能国安”？,"国家和军队建设是捍卫国家主权、安全、发展利益的坚强后盾国无防不立，民无兵不安。没有一支强大的军队，就不可能有强大的祖国。
新时代人民军队使命任务：为巩固中国共产党领导和我国社会主义制度提供战略支撑为捍卫国家主权、统一和领土完整提供战略支撑为维护我国海外利益提供战略支撑为促进世界和平与发展提供战略支撑。",习近平新时代中国特色社会主义思想概论提纲.docx
S160,主观,第十四章,坚持党对人民军队的绝对领导，是马克思主义建军的一条基本原则是什么？,党对人民军队的绝对领导，是建军之本、强军之魂坚持党对人民军队的绝对领导必须有一整套制度做保证军委主席负责制是坚持党对人民军队绝对领导的根本制度和根本实现形式，在党领导军队的一整套制度体系中处于最高层次、居于统领地位。,习近平新时代中国特色社会主义思想概论提纲.docx
S161,主观,第十四章,如何理解党在新时代的强军目标？,"听党指挥是灵魂，决定军队建设的政治方向能打胜仗是核心，反应军队的根本职能和军队建设的根本指向作风优良是保证，关系军队的性质、宗旨、本色听党指挥、能打胜仗、作风优良，三者相互联系、密不可分。
体现了坚持党的建军原则、人民军队根本职能、特有政治优势的高度统一。",习近平新时代中国特色社会主义思想概论提纲.docx
S162,主观,第十四章 建设巩固国防和强大人民军队,“一国两制”的科学内涵的主要内容是什么？,"1. 牢牢把握“一国两制”的根本宗旨。“一国两制”的根本宗旨是维护国家主权、安全、发展利益，保持香港、澳门长期繁荣稳定。贯彻“一国两制”方针要坚持两点，一是坚定不移，确保不会变、不动摇；二是全面准确，确保不走样、不变形。
2. 准确把握“一国”和“两制”的关系。“一国两制”方针是一个完整的体系。维护国家主权、安全、发展利益是“一国两制”方针的最高原则，在这个前提下，香港、澳门保持原有的资本主义制度长期不变，享有高度自治权。“一国”是实行“两制”的前提和基础，“两制”从属和派生于“一国”，并统一于“一国”之内。 “‘一国’是根，根深才能叶茂；‘一国’是本，本固才能枝荣。”。
3. 坚持中央全面管治权和保障特别行政区高度自治权相统一。全面管治权是授权特别行政区高度自治的前提和基础，高度自治权是中央行使全面管治权的体现。
4. 坚定落实“爱国者治港”“爱国者治澳”原则。政权必须掌握在爱国者手中，这是世界通行的政治法则。
5. 坚持依法治港治澳。依法治理是最可靠、最稳定的治理。",2025习概必备主观题.pdf
S163,主观,第十四章 建设巩固国防和强大人民军队,为什么必须坚持党对人民军队的绝对领导？,"1. 坚持党对人民军队的绝对领导，是马克思主义建党建军的一条基本原则。
2. 坚持党对人民军队的绝对领导，是党在血与火的斗争中得出的颠扑不破的真理。
3. 党对人民军队的绝对领导，是建军之本、强军之魂。
4. 坚持党对人民军队的绝对领导必须有一整套制度作保证。",2025习概必备主观题.pdf
S164,主观,第十四章 建设巩固国防和强大人民军队,为什么要建设巩固国防和强大人民军队？,"1. 当今世界百年未有之大变局加速演进。
2. 我国处于由大向强发展的关键阶段。
3. 世界新军事革命步伐加快，国际军事竞争日趋激烈。
4. 我军需要一场革命性变革。面对严峻复杂的国家安全形势，必须对战争危险保持清醒头脑。能战方能止战，准备打才可能不必打，越不能打越可能挨打。",2025习概必备主观题.pdf
S165,主观,第十四章 建设巩固国防和强大人民军队,为什么说“强国必须强军，军强才能国安”？,"1. 国防和军队建设是捍卫国家主权、安全、发展利益的坚强后盾。
2. 国无防不立，民无兵不安。没有一支强大的军队，就不可能有强大的祖国。
3. 中国越发展壮大，遇到的阻力和压力就会越大，面临的风险就会越多。只有以强大军事实力为后盾，政治安全、国土安全等其他安全才能托底，国家的总体安全和人民的幸福生活才有保障，实现国家繁荣富强的主动权才能牢牢掌握在自己手中。",2025习概必备主观题.pdf
S166,主观,第十四章 建设巩固国防和强大人民军队,为什么说祖国完全统一一定要实现，也一定能够实现？,"1. 解决台湾问题、实现祖国完全统一，是党矢志不渝的历史任务，是全体中华儿女的共同愿望，是实现中华民族伟大复兴的必然要求。
2. 实现祖国完全统一由中华民族伟大复兴的时和势决定，是不可阻挡的历史潮流。
3. 民族复兴、国家统一是大势所趋、大义所在、民心所向。
4. 台湾前途在于国家统一，台湾同胞福祉系于民族复兴。
5. 统一是历史大势，是正道。
6. 我们坚决维护国家主权和领土完整，愿意为和平统一创造广阔空间，但绝不为各种形式的“台独”分裂活动留下任何空间。",2025习概必备主观题.pdf
S167,主观,第十四章 建设巩固国防和强大人民军队,习近平强军思想的主要内容的主要内容是什么？,"1. 明确党对人民军队的绝对领导是人民军队建军之本、强军之魂。
2. 明确强国必须强军。
3. 明确党在新时代强军目标是建设一支听党指挥、能打胜仗、作风优良的人民军队。
4. 明确军队是要准备打仗的。
5. 明确强军事业必须坚持政治建军、改革强军、科技强军、人才强军、依法治军。
6. 明确改革是强军的必由之路。
7. 明确科技是核心战斗力。
8. 明确强军之道要在得人。
9. 明确依法治军是我们党建军治军基本方式。
10. 明确军民融合发展是兴国之举、强军之策。
11. 明确作风优良是我军鲜明特色和政治优势。",2025习概必备主观题.pdf
S168,主观,第十四章 建设巩固国防和强大人民军队,全面推进国防和军队现代化的战略安排是什么？,"1. 到 2027 年实现建军一百年奋斗目标。必将引领国防和军队现代化以更快速度向前推进，推动人民军队战略能力加速生成。
2. 到 2035 年基本实现国防和军队现代化。这一步的关键是实现军事理论现代化、军队组织形态现代化、军事人员现代化、武器装备现代化。
3. 到本世纪中叶把人民军队全面建成世界一流军队。
一是建成同我国强国地位相称的世界一流军队。
二是建成能够全面有效维护国家安全的世界一流军队。
三是建成具备强大国际影响力的世界一流军队。",2025习概必备主观题.pdf
S169,主观,第十四章 建设巩固国防和强大人民军队,如何理解香港、澳门与祖国内地同发展、共繁荣的道路必将越走越宽广？,"实践充分证明，“一国两制”是保持港澳长期繁荣稳定的好制度，是保障港澳居民根本利益和福祉的好制度。
1. 中央全力支持香港抓住国家发展带来的历史机遇，主动对接“十四五”规划、粤港澳大湾区建设和“一带一路”高质量发展等国家战略。
2. 全力支持香港同世界各地展开更广泛、更紧密的交流合作，吸引满怀梦想的创业者来此施展抱负。
3. 全力支持香港积极稳妥推进改革，破除利益固化藩篱，充分释放香港社会蕴藏的巨大创造力和发展活力。
4. 中央政府大力支持香港、澳门发展经济、改善民生，巩固提升香港、澳门在国际金融、贸易、航运航空、创新科技、文化旅游等领域的地位，深化香港、澳门同各国各地区更加开放、更加密切的交往合作。香港经济蓬勃发展，抵御了国际金融危机、新冠疫情等冲击，国际金融、航运、贸易中心地位稳固，各项事业取得长足进步，创新科技产业迅速兴起，营商环境世界一流，对外交往日益活跃，国际影响进一步扩大，自身的文化特色得以保持，“东方之珠”和“活力之都”的魅力更胜往昔香港连续多次被评为全球最自由经济体第一位，在世界竞争力排名中长期位居前列。
5. 澳门在经济发展、民生改善、社会稳定、文化建设等各方面取得了长足的进步，走出一条具有澳门特色的“一国两制”成功实践道路。
6. 以习近平同志为核心的党中央的鲜明态度和有力支持，为港澳保持长期繁荣稳定提供了坚强后盾。",2025习概必备主观题.pdf
S170,主观,第十四章 建设巩固国防和强大人民军队,强军目标的科学内涵党在新时代的强军目标是建设一支听党指挥、能打胜仗、作风优良的人民军队，把人民军队建设成为世界一流军队。,"1. 听党指挥是灵魂，决定军队建设的政治方向。
2. 能打胜仗是核心，反映军队的根本职能和军队建设的根本指向。
3. 作风优良是保证，关系军队的性质、宗旨、本色。
听党指挥、能打胜仗、作风优良，三者相互联系、密不可分，抓住了建设强大人民军队最根本、最紧要、最现实的问题，明确了加强军队建设的聚焦点和着力点，体现了坚持党的建军原则、人民军队根本职能、特有政治优势的高度统一。",2025习概必备主观题.pdf
S171,主观,第十四章 建设巩固国防和强大人民军队,怎样坚持政治建军、改革强军、科技强军、人才强军、依法治军？,"1. 政治建军是人民军队的立军之本。
抓军队建设首先要从政治上看，坚持从思想上政治上建设和掌握部队，强化政治意识、大局意识、核心意识、看齐意识，确保枪杆子永远掌握在忠于党的可靠的人手中。
2. 改革是决定人民军队发展壮大、制胜未来的关键一招。
新时代，我们党全面实施改革强军战略，大刀阔斧深化国防和军队改革，按照军委管总、战区主战、军种主建的总原则改革领导指挥体制，实现军队组织架构的历史性变革。
3. 科技是核心战斗力，是军事发展中最活跃、最具革命性的因素。
一流军队要求一流科技，必须全面实施科技强军战略，建设创新型人民军队，把科技创新这个强大引擎发动起来，增强科技认知力、创新力、运用力。
4. 强军之道，要在得人。
必须实施新时代人才强军战略，锻造德才兼备的高素质、专业化新型军事人才。
5. 依法治军是我们党建军治军基本方式。
厉行法治、严肃军纪，是治军带兵的铁律，也是建设强大军队的基本规律。必须贯彻依法治军战略，坚持党对人民军队的绝对领导，坚持建设中国特色军事法治体系，坚持按照法治要求转变治军方式，坚持从严治军铁律，坚持抓住领导干部这个“关键少数”，坚持官兵主体地位，坚持贯彻全面依法治国要求。
构建完善的中国特色军事法治体系，形成系统完备、严密高效的军事法规制度体系、军事法治实施体系、军事法治监督体系、军事法治保障体系。",2025习概必备主观题.pdf
S172,主观,第十四章 建设巩固国防和强大人民军队,新时代人民军队使命任务（四个战略支撑）是什么？,"人民军队是执行党的政治任务的武装集团，党和人民所需就是军队使命任务所系。人民军队自成立起，就始终为争取民族独立、人民解放和实现国家富强、人民幸福而英勇奋斗。
1. 为巩固中国共产党领导和我国社会主义制度提供战略支撑。
2. 为捍卫国家主权、统一和领土完整提供战略支撑。
3. 为维护我国海外利益提供战略支撑。
4. 为促进世界和平与发展提供战略支撑。",2025习概必备主观题.pdf
S173,主观,第十四章 建设巩固国防和强大人民军队,新时代党解决台湾问题的总体方略是什么？,"1. 必须坚持党中央对对台工作的集中统一领导，这是统一的根本保证。
2. 坚持在中华民族伟大复兴进程中推进祖国统一，这是统一的历史方位。
3. 坚持在祖国大陆发展进步基础上解决台湾问题，这是统一的战略思路。
4. 坚持“和平统一、一国两制”基本方针，这是统一的大政方针。
5. 坚持一个中国原则和“九二共识”，这是统一的政治基础。
6. 坚持推动两岸关系和平发展、融合发展，这是统一的实践途径。
7. 坚持团结台湾同胞、争取台湾民心，这是统一的根本动力。
8. 坚持粉碎“台独”分裂图谋，这是统一的必然要求。
9. 坚持反对外部势力干涉，这是统一的外部条件。
10. 坚持决不承诺放弃使用武力，这是统一的战略支撑。",2025习概必备主观题.pdf
S174,主观,第十四章 建设巩固国防和强大人民军队,有人说“军队的科技强大，军队就强”，请结合新时代强军目标评论。,这个观点是片面的。科技是核心战斗力，但绝不是强军的全部。新时代强军目标是建设一支听党指挥、能打胜仗、作风优良的人民军队，把人民军队建设成为世界一流军队。其中听党指挥是灵魂，能打胜仗是核心，作风优良是保证。强军事业要坚持政治建军、改革强军、科技强军、人才强军、依法治军，科技强大必须服从并服务于党的绝对领导、备战打仗能力和优良作风建设。,确认补充题
S175,主观,第十四章 建设巩固国防和强大人民军队,牢牢把握两岸关系主导权和主动权是什么？,"1. 把握两岸关系主导权和主动权，推动两岸关系朝着正确方向发展，必须坚持一个中国原则和“九二共识”，坚决反对“台独”分裂行径，坚决反对外部势力干涉。
2. “和平统一、一国两制”方针是实现两岸统一的最佳方式。
3. 促进两岸经济文化交流合作，深化两岸各领域融合发展。
4. 坚持以最大诚意、尽最大努力争取和平统一的前景，但决不承诺放弃使用武力。
国家好，民族好，两岸同胞才会好。",2025习概必备主观题.pdf
S176,主观,第十四章 建设巩固国防和强大人民军队,香港、澳门如何融入国家发展大局对香港、澳门来说，“一国两制”是最大的优势，国家改革开放是最大的舞台，共建“一带一路”、粤港澳大湾区建设等国家战略实施是新的重大机遇。,"1. 积极主动助力国家全面开放。
2. 积极主动参与粤港澳大湾区建设。
3. 积极主动参与国家治理实践。
4. 积极主动促进国际人文交流。
在中华民族伟大复兴历史进程中，香港、澳门必将在融入国家发展大局中实现更好发展。",2025习概必备主观题.pdf
S177,主观,第十章,如何认识建设社会主义文化强国的重要意义？,"文化繁荣兴盛是实现中华民族伟大复兴的精神支撑。
文化繁荣兴盛是建设社会主义现代化强国的应有之义文化繁荣兴盛是满足人民日益增长的美好生活需要的内在要求，。
文化繁荣兴盛是世界文化激荡中站稳脚跟的前提基础。",习近平新时代中国特色社会主义思想概论提纲.docx
S178,主观,第十章,怎么理解和把握文化自信的科学内涵和精神实质？,"文化自信是更基础、更广泛、更深厚的自信，是一个国家、一个民族发展中最基本、最深沉、最持久的力量。
中华优秀传统文化是我们坚定文化自信的深厚基础。
党带领人民在伟大斗争中孕育的革命文化和社会主义先进文化，是我们坚定文化自信的坚强基石。
中国特色社会主义伟大实践，是我们坚定文化自信的现实基础。",习近平新时代中国特色社会主义思想概论提纲.docx
S179,主观,第十章 建设社会主义文化强国,如何理解以伟大建党精神为源头的中国共产党人精神谱系是中华民族的宝贵精神财富？,"100 多年前，中国共产党的先驱们创建了中国共产党,形成了坚持真理、坚守理想，践行初心、担当使命，不怕牺牲、英勇斗争，对党忠诚、不负人民的伟大建党精神。
以伟大建党精神为源头的中国共产党人精神谱系，是党带领人民战胜艰难险阻、取得一个又一个伟大胜利的精神丰碑，是中华民族的宝贵精神财富。
1. 新民主主义革命时期，铸就了井冈山精神、苏区精神、长征精神、遵义会议精神、延安精神、抗战精神、红岩精神、西柏坡精神等。
2. 社会主义革命和建设时期，铸就了抗美援朝精神、“两弹一星”精神、雷锋精神、焦裕禄精神、大庆精神（铁人精神）、红旗渠精神等。
3. 改革开放和社会主义现代化建设新时期，铸就了改革开放精神、特区精神、抗洪精神、抗击“非典”精神、抗震救灾精神、载人航天精神等。
4. 中国特色社会主义新时代，铸就了脱贫攻坚精神、抗疫精神、探月精神、新时代北斗精神等。
中国共产党人精神谱系集中体现了党的坚定信念、根本宗旨、优良作风，凝聚着中国共产党人艰苦奋斗、牺牲奉献、开拓进取的伟大品格，已深深融入党、国家、民族、人民的血脉和灵魂，成为民族精神和时代精神的重要组成部分，成为社会主义核心价值观的丰富滋养。
党的伟大精神和光荣传统跨越时空、历久弥新，是激励我们奋勇前进的强大精神动力。
今天，我们迈上了全面建设社会主义现代化国家新征程，担负着新的历史任务，也必然面临着新的重大挑战，更加需要强大的精神力量。",2025习概必备主观题.pdf
S180,主观,第十章 建设社会主义文化强国,如何理解文化繁荣兴盛是中华民族伟大复兴的必然要求？,文化是一个国家、一个民族的灵魂。文化繁荣兴盛为民族复兴提供精神支撑，是建设社会主义现代化强国的应有之义，也是满足人民日益增长的美好生活需要、在世界文化激荡中站稳脚跟的重要基础。没有高度的文化自信和文化繁荣兴盛，就没有中华民族伟大复兴。因此要坚定文化自信，坚持中国特色社会主义文化发展道路，激发全民族文化创新创造活力，建设社会主义文化强国。,确认补充题
S181,主观,第四章,为什么要推动全体人民共同富裕取得更为明显的实质性进展?,"共同富裕是中国特色社会主义的本质要求，是中国式现代化的重要特征。
实现共同富裕不仅是经济问题，而且是关系党的执政基础的重大政治问题要从全局角度来把握共同富裕扎实推进共同富裕，必须坚持正确的原则和科学的思路推动全体人民共同富裕与促进人的全面发展是高度统一的。",习近平新时代中国特色社会主义思想概论提纲.docx
S182,主观,第四章 坚持以人民为中心,为什么必须坚持以人民为中心？,"1. 人民是决定党和国家前途命运的根本力量。
2. 人民是创造历史的动力。
3. 江山就是人民、人民就是江山。
4. 党依靠人民创造历史伟业。
5. 人民是党的工作的最高裁决者和最终评判者。",2025习概必备主观题.pdf
S183,主观,第四章 坚持以人民为中心,为什么要推动全体人民共同富裕取得更为明显的实质性进展？,"1. 共同富裕是中国特色社会主义的本质要求，是中国式现代化的重要特征。坚持以人民为中心的发展思想，真正做到发展成果由人民共享,就必须落实到扎实推进全体人民共同富裕上，在推动共同富裕过程中促进人的全面发展。
2. 在中国共产党领导的社会主义中国，我们追求的发展是造福人民的发展，我们追求的富裕是全体人民共同富裕，决不能允许贫富差距越来越大。
3. 实现全体人民共同富裕是一个长期的历史过程，不可能一蹴而就，必须保持历史耐心、进行不懈努力，根据现有条件把能做的事情尽量做起来，积小胜为大胜，不断动全体人民共同富裕取得更为明显的实质性进展。",2025习概必备主观题.pdf
S184,主观,第四章 坚持以人民为中心,如何全面落实以人民为中心的发展思想？,"1. 坚持和贯彻党的群众路线要善于通过提出和贯彻正确的路线方针政策带领人民前进，善于从群众的实践创造和发展要求中完善政策主张，善于从群众中寻找解决问题的方案和办法，使作出的决策和决策的执行充分体现民心民意。
2. 把为人民造福的事情真正办好办实为人民造福，要落实到新时代中国特色社会主义各事业、全部工作之中。
为人民造福，要着力解决好人民群众最关心最直接最现实的利益问题。
为人民造福，要一件事情接着一件事情办，一年接着一年干。
3. 推动全体人民共同富裕取得更为明显的实质性进展。",2025习概必备主观题.pdf
S185,主观,第四章 坚持以人民为中心,如何坚持人民立场人民立场是中国共产党的根本政治立场，是我们党区别于其他政党的显著标志。,"1. 坚持人民立场，就要始终牢记党的初心和使命。为中国人民谋幸福，为中华民族谋复兴，是中国共产党人的初心和使命，是激励一代代中国共产党人前仆后继、英勇奋斗的根本动力。
2. 坚持人民立场，就要始终保持党同人民群众的血肉联系。
3. 坚持人民立场就要热爱人民、尊重人民、敬畏人民。坚持人民立场，凝结着中国共产党对中国人民的深厚情感，体现了深切真挚的人民情怀。",2025习概必备主观题.pdf
S186,主观,第四章 坚持以人民为中心,如何扎实推进共同富裕？（共同富裕的原则或共同富裕的总思路）？,"1. 推进共同富裕，必须坚持正确的原则和科学的思路。
2. 促进共同富裕，要把握好鼓励勤劳创新致富、坚持基本经济制度、尽力而为量力而行、坚持循序渐进的原则。
3. 总的思路是：1）坚持以人民为中心的发展思想2）在高质量发展中促进共同富裕3）正确处理效率和公平的关系4）构建初次分配、再分配、三次分配协调配套的基础性制度安排5）加大税收、社保、转移支付等调节力度并提高精准性6）扩大中等收入群体比重，增加低收入群体收入，合理调节高收入，取缔非法收入，形成中间大、两头小的橄榄型分配结构。
7）促进社会公平正义，促进人的全面发展，使全体人民朝着共同富裕目标扎实迈进。",2025习概必备主观题.pdf
S187,主观,第四章 坚持以人民为中心,如何理解“时代是出卷人，我们是答卷人，人民是阅卷人”？,"1. 我们党是全心全意为人民服务的党，党的执政水平和执政成效不是由自己说了算，必须而且只能由人民来评判。
2. 要始终把人民放在心中最高位置，树立正确的政绩观，以人民满意不满意作为检验工作的最终评判标准。
3. 我们党是以辩证唯物主义和历史唯物主义作为世界观和方法论的党，人民在党的理论路线方针政策和一切工作中始终处于最高的地位，这决定了党的工作的最高裁决者和最终评判者只能是人民。
4. 习近平指出：“检验我们一切工作的成效，最终都要看人民是否真正得到了实惠，人民生活是否真正得到了改善，人民权益是否真正得到了保障。”。
5. 人民群众的意见是最好的尺子，最能衡量我们工作的长短优劣。生活过得好不好，人民最有发言权。什么是好事实事，要看群众实际感受，由群众来评判。要关注民情、顺应民意，人民群众赞成什么、期盼什么，就要坚持和推动什么；人民群众反对什么、痛恨什么，就要防范和纠正什么。对群众的呼声,要做到件件有着落、事事有回音，用心用情为群众排忧解难，千方百计增进人民福祉。",2025习概必备主观题.pdf
S188,主观,第四章 坚持以人民为中心,如何理解人民对美好生活的向往是党的奋斗目标？,"1. 人民对美好生活的向往是党的奋斗目标。
2. 人民立场是中国共产党的根本政治立场。
3. 为中国人民谋幸福是中国共产党的初心。
4. 人民对美好生活的向往就是党的奋斗目标。",2025习概必备主观题.pdf
S189,主观,简答题,回答“两个确立”的基本内容？,“两个确立”：确立习近平同志党中央的核心、全党的核心地位，确立习近平新时代中国特色社会主义思想的指导地位。,25秋季习概.docx
S190,主观,简答题,回答“两个结合”的基本内容？,“两个结合”：马克思主义基本原理同中国具体实际相结合、同中华优秀传统文化相结合。,25秋季习概.docx
S191,主观,简答题,回答“新发展阶段”的基本内容？,新发展阶段是指全面建成小康社会、实现第一个百年奋斗目标之后，乘势而上开启全面建设社会主义现代化国家新征程、向第二个百年奋斗目标进军的阶段。它是我国社会主义初级阶段历史进程中的一个重要阶段，是中国共产党带领人民迎来从站起来、富起来到强起来历史性跨越的新阶段。,25春季习概.docx
S192,主观,简答题,回答“新时代强军目标”的基本内容？,"1. 明确党对人民军队的绝对领导是人民军队建军之本、强军之魂。
2. 明确强国必须强军。
3. 明确党在新时代强军目标是建设一支听党指挥、能打胜仗、作风优良的人民军队。
4. 明确军队是要准备打仗的。
5. 明确强军事业必须坚持政治建军、改革强军、科技强军、人才强军、依法治军。
6. 明确改革是强军的必由之路。
7. 明确科技是核心战斗力。
8. 明确强军之道要在得人。
9. 明确依法治军是我们党建军治军基本方式。
10. 明确军民融合发展是兴国之举、强军之策。
11. 明确作风优良是我军鲜明特色和政治优势。",25春季习概.docx
S193,主观,论述题,中国式现代化的内涵是什么？,"1. 中国式现代化是人口规模巨大的现代化。
2. 中国式现代化是全体人民共同富裕的现代化。
3. 中国式现代化是物质文明和精神文明相协调的现代化。
4. 中国式现代化是人与自然和谐共生的现代化。
5. 中国式现代化是走和平发展道路的现代化。",25秋季习概.docx
S194,主观,论述题,如何理解绿水青山就是金山银山？,"生态环境问题归根到底是经济发展方式和生活方式问题表面上看，生态环境保护和经济发展是矛盾对立的关系，是鱼和熊掌不可兼得的两难选择。但从根本上讲，两者是辩证统一、相辅相成的关系，发展经济不能对资源和生态环境竭泽而渔，生态环境保护也不是舍弃经济发展而缘木求鱼，而是要坚持在发展中保护、在保护中发展。
绿水青山既是自然财富、生态财富，又是社会财富、经济财富。
处理好绿水青山和金山银山的关系，关键在人，关键在思路。",25春季习概.docx
S195,主观,辨析题,有人说“‘社会管理’到‘社会治理’仅仅是一字之差，实质都是政府管理社会”，请结合“共建共治共享”阐述你的观点,这个观点是错误的。从“社会管理”到“社会治理”，虽一字之差，却反映了理念、主体、方式、范围的深刻变革。社会管理强调政府单一主体自上而下的管控，而社会治理强调党委领导、政府负责、社会协同、公众参与、法治保障的多元共治。坚持共建共治共享，保障全体人民参与社会建设、社会治理的权利，维护全体人民享有社会治理成果的权益，是完善社会治理必须始终遵循的重要理念。共建是共同参与社会建设，是社会治理的基础；共治是共同参与社会治理，是社会治理的关键；共享是共同享有社会治理成果，是社会治理的目标。要把专项治理和系统治理、依法治理、综合治理、源头治理结合起来，建设人人有责、人人尽责、人人享有的社会治理共同体。,25秋季习概.docx
S196,主观,辨析题,有人说“我国社会主义初级阶段的社会主要矛盾发生变化，说明我国不再处于社会会主义初级阶段，不再是发展中国家”,一个变：仍然是社会主义初级阶段这个大历史阶段中发生的变化两个不变：我国仍处于并长期处于社会主义初级阶段的基本国情没有变我国是世界最大发展中国家的国际地位没有变。,25春季习概.docx
O001,客观,序章,“两个大局”具体指哪两个大局？,世界百年未有之大变局，中华民族伟大复兴战略全局。,习概背诵手册.docx
O002,客观,序章,两个确立是什么？,党的十九届六中全会2021指出确立习近平党中央和全党的核心地位、确立习思想的指导地位,习概背诵手册.docx
O003,客观,序章,两个结合是什么？,习近平新时代中国特色社会主义思想是马克思主义基本原理与中国具体实际和中华优秀传统文化相结合的重大成果,习概背诵手册.docx
O004,客观,序章,中国特色社会主义最本质的特征和最大优势是什么？,中国共产党领导是中国特色社会主义最本质的特征，中国共产党领导是中国特色社会主义制度的最大优势。,习概背诵手册.docx
O005,客观,序章,习近平新时代中国特色社会主义思想“六个必须坚持”的主要内容是什么？,"1. 必须坚持人民至上。
2. 必须坚持自信自立。
3. 必须坚持守正创新。
4. 必须坚持问题导向。
5. 必须坚持系统观念。
6. 必须坚持胸怀天下。",习概背诵手册.docx
O006,客观,序章,习近平新时代中国特色社会主义思想创立的时代背景是什么？,世界百年未有之大变局加速演进，中华民族伟大复兴进入关键时期，中国式现代化全面推进拓展，科学社会主义在21世纪的中国重新焕发生机，中国共产党自我革命开创新的境界。,习概背诵手册.docx
O007,客观,序章,习近平新时代中国特色社会主义思想回答了哪三个重大时代课题？,"1. 新时代坚持和发展什么样的中国特色社会主义，怎样坚持和发展中国特色社会主义。
2. 建设什么样的社会主义现代化强国，怎样建设社会主义现代化强国。
3. 建设什么样的长期执政的马克思主义政党，怎样建设长期执政的马克思主义政党。",习概背诵手册.docx
O008,客观,第一章,中国式现代化的中国特色是什么？,"1. 人口规模巨大的现代化。
2. 全体人民共同富裕的现代化。
3. 物质文明和精神文明相协调的现代化。
4. 人与自然和谐共生的现代化。
5. 走和平发展道路的现代化。",习概背诵手册.docx
O009,客观,第一章,为什么说中国特色社会主义是社会主义，而不是其他什么主义？,中国特色社会主义是历史和人民的选择。,习概背诵手册.docx
O010,客观,第一章,五位一体总体布局是什么？,"1. 经济建设。
2. 政治建设。
3. 文化建设。
4. 社会建设。
5. 生态文明建设。",习概背诵手册.docx
O011,客观,第一章,党在社会主义初级阶段的基本路线是什么？,领导和团结全国各族人民，以经济建设为中心，坚持四项基本原则，坚持改革开放，自力更生，艰苦创业，为把我国建设成为富强民主文明和谐美丽的社会主义现代化强国而奋斗,习概背诵手册.docx
O012,客观,第一章,四个全面战略布局是什么？,"1. 全面建设社会主义现代化国家。
2. 全面深化改革。
3. 全面依法治国。
4. 全面从严治党。",习概背诵手册.docx
O013,客观,第一章,四个自信是什么？,新时代坚持和发展中国特色社会主义，必须坚定道路自信、理论自信、制度自信、文化自信,习概背诵手册.docx
O014,客观,第一章,四项基本原则是什么？,必须坚持社会主义道路，人民民主专政，中国共产党的领导，马列主义和毛泽东思想,习概背诵手册.docx
O015,客观,第一章,在“四个全面”战略布局中，战略目标是什么？（即引领地位的是哪个？）,全面建设社会主义现代化国家。,习概背诵手册.docx
O016,客观,第一章,如何正确评价改革开放前后两个历史时期的关系？,改革开放前后的历史不能相互否定。,习概背诵手册.docx
O017,客观,第一章,改革开放以来，我们取得一切成绩和进步的根本原因归结为什么？,开辟了中国特色社会主义道路，形成了中国特色社会主义理论，确立了中国特色社会主义制度，发展了中国特色社会主义文化。,习概背诵手册.docx
O018,客观,第一章,新时代坚持和发展中国特色社会主义的基本方略（即“十四个坚持”）是什么？,十四个坚持。,习概背诵手册.docx
O019,客观,第七章,建设教育强国、科技强国、人才强国所依托的“三大战略”是什么？,"1. 科教兴国战略。
2. 人才强国战略。
3. 创新驱动发展战略。",习概背诵手册.docx
O020,客观,第七章,教育的战略地位是什么？,教育是民族复兴、社会进步的基石。,习概背诵手册.docx
O021,客观,第三章,两个维护是什么？,坚决维护习近平总书记党中央的核心、全党的核心地位，坚决维护党中央权威和集中统一领导,习概背诵手册.docx
O022,客观,第三章,中国共产党人的初心和使命是什么？,为中国人民谋幸福，为中华民族谋复兴,习概背诵手册.docx
O023,客观,第三章,中国特色社会主义制度的最大优势是什么？,中国共产党领导是中国特色社会主义制度的最大优势。,习概背诵手册.docx
O024,客观,第三章,党的奋斗目标是什么？,人民对美好生活的向往,习概背诵手册.docx
O025,客观,第三章,党的宗旨是什么？,全心全意为人民服务,习概背诵手册.docx
O026,客观,第九章,坚持依宪治国、依宪执政的核心要义是什么？,宪法是国家的根本法，是治国安邦的总章程，是党和人民意志的集中体现。,习概背诵手册.docx
O027,客观,第九章,建设法治中国十六字方针是什么？,"1. 全面推进科学立法
2. 严格执法
3. 公正司法
4. 全民守法",习概背诵手册.docx
O028,客观,第九章,法治中国建设的总目标是什么？,实现法律规范科学完备统一，执法司法公正高效权威，权力运行受到有效制约监督，人民合法权益得到充分尊重保障,习概背诵手册.docx
O029,客观,第二章,全面建成社会主义现代化强国“两步走”是什么？,从2020年到2035年基本实现社会主义现代化，从2035年到本世纪中叶把我国建成富强民主文明和谐美丽的社会主义现代化强国,习概背诵手册.docx
O030,客观,第二章,推进中国式现代化需要正确处理的重大关系是什么？,顶层设计与实践探索，战略与策略，守正与创新，效率与公平，活力与秩序，自立自强与对外开放,习概背诵手册.docx
O031,客观,第二章,推进中国式现代化需要牢牢把握的重大原则是什么？,坚持和加强党的全面领导，坚持中国特色社会主义道路，坚持以人民为中心的发展思想，坚持深化改革开放，坚持发扬斗争精神,习概背诵手册.docx
O032,客观,第五章,全面深化改革的总目标是什么？,完善和发展中国特色社会主义制度、推进国家治理体系和治理能力现代化,习概背诵手册.docx
O033,客观,第八章,中国特色社会主义政治制度体系包括哪三个层次的制度？,"1. 根本政治制度。
2. 基本政治制度。
3. 重要政治制度。",习概背诵手册.docx
O034,客观,第八章,基本政治制度是什么？,中国共产党领导的多党合作和政治协商制度，民族区域自治制度、基层群众自治制度,习概背诵手册.docx
O035,客观,第八章,根本政治制度是什么？,人民代表大会制度是坚持党的领导、人民当家作主、依法治国有机统一的根本政治安排,习概背诵手册.docx
O036,客观,第六章,三期叠加状态是什么？,"1. 增长速度换挡期
2. 结构发展阵痛期
3. 前期刺激政策消化期",习概背诵手册.docx
O037,客观,第六章,习近平总书记提出的“三个新发展”是指什么？,"1. 新发展阶段。
2. 新发展理念。
3. 新发展格局。",习概背诵手册.docx
O038,客观,第六章,我国发展进入的新发展阶段具体指什么阶段？,我国社会主义初级阶段历史进程中的一个重要阶段，是中国共产党带领人民从站起来、富起来到强起来历史性跨越的新阶段，是全面建设社会主义现代化国家、向第二个百年奋斗目标进军的重要阶段。,习概背诵手册.docx
O039,客观,第六章,新发展格局（战略基点）是什么？,国内大循环为主体，国内国际双循环相互促进,习概背诵手册.docx
O040,客观,第六章,新发展理念是什么？,创新协调绿色开放共享,习概背诵手册.docx
O041,客观,第六章,社会主义基本经济制度（制度基础）是什么？,"1. 公有制为主体，多种所有制经济共同发展
2. 按劳分配为主体，多种分配方式并存
3. 社会主义市场经济体制",习概背诵手册.docx
O042,客观,第十一章,为什么说就业是最基本的民生？实施就业优先战略有何意义？,就业是最基本的民生。实施就业优先战略，有利于改善人民生活、促进社会稳定、推动高质量发展。,习概背诵手册.docx
O043,客观,第十一章,健全社会保障体系对保障和改善民生有什么作用？,社会保障体系是保障和改善民生、维护社会公平、增进人民福祉的基本制度保障。,习概背诵手册.docx
O044,客观,第十一章,四个治理是什么？,"1. 系统治理
2. 依法治理
3. 综合治理
4. 源头治理",习概背诵手册.docx
O045,客观,第十一章,完善分配制度对改善民生有何重要意义？,收入分配是民生之源，是改善民生、实现发展成果由人民共享最重要最直接的方式。,习概背诵手册.docx
O046,客观,第十一章,推进健康中国建设在社会主义现代化建设中处于什么地位？,人民健康是社会主义现代化的重要标志，卫生健康事业在经济社会发展中处于基础性地位。,习概背诵手册.docx
O047,客观,第十一章,民生和发展的关系是什么？,发展是解决民生问题的总钥匙，民生是发展的指南针,习概背诵手册.docx
O048,客观,第十三章,五个统筹是什么？,外部安全和内部安全，国土安全和国民安全，传统安全和非传统安全，自身安全和共同安全，维护国家安全和塑造国家安全,习概背诵手册.docx
O049,客观,第十三章,总体国家安全观是什么？,以人民安全为宗旨，以政治安全为根本，以经济安全为基础，以军事文化社会安全为保障，以促进国际安全为依托，走出一条中国特色国家安全道路,习概背诵手册.docx
O050,客观,第十三章,提高防范化解重大风险能力需要坚持哪些思维和方法？,坚持底线思维和极限思维，下好先手棋，打好主动仗，力争把风险化解在源头，运用制度威力应对风险挑战的冲击。,习概背诵手册.docx
O051,客观,第十二章,“绿水青山就是金山银山”的科学内涵是什么？,生态环境问题归根到底是经济发展方式和生活方式问题，揭示了保护生态环境就是保护生产力，改善生态环境就是发展生产力的道理，指明了实现发展和保护协同共生的新路径。,习概背诵手册.docx
O052,客观,第十二章,习近平生态文明思想的主要内容“十个坚持”是什么？,包括坚持党对生态文明建设的全面领导，坚持生态兴则文明兴，坚持人与自然和谐共生等。,习概背诵手册.docx
O053,客观,第十二章,双碳战略是什么？,"1. 碳达峰
2. 碳中和",习概背诵手册.docx
O054,客观,第十四章,新时代人民军队的“四个战略支撑”使命任务是什么？,"1. 巩固中国共产党领导和我国社会主义制度。
2. 维护国家主权、统一和领土完整。
3. 维护我国海外利益。
4. 促进世界和平和发展。",习概背诵手册.docx
